sample_id,customer_text,gold_intent,predicted_intent,intent_confidence,retrieval_similarity,gold_escalate,predicted_escalate,gold_escalation_reason,error_type
4,@AmazonHelp You should GN,other_non_actionable,customer_service_complaint,0.1670090237841575,1.0,False,True,not_applicable,intent_misclassification
5,"@116928 Buenos días,tengo una pregunta. Por qué descuidáis o por qué no supervisáis antes las traducciones y los errores que puedan contener los libros en formato electrónico?Todos tienen errores.Los notificó y nadie contesta.",digital_content,device_technical,0.2473418213846688,1.0000000000000002,False,True,not_applicable,intent_misclassification
9,@115850 is just awesome. They solve my problem in 1 hour and also give a amazon pay gift.  Thank you @115850 @115823,customer_service_complaint,other_non_actionable,0.1562259248597529,0.9999999999999998,True,True,customer_service_complaint,intent_misclassification
10,"@AmazonHelp What repeat , what about my loses? It’s more than ₹4000",customer_service_complaint,subscription_prime,0.1141876941112783,1.0,True,True,customer_service_complaint,intent_misclassification
11,@AmazonHelp Thanks. Do check also why its taking more than 15 days to fix this. Can you cnfm this is not a virus issue? We must info ppl to be careful.,device_technical,account_security,0.2717302530718628,1.0,True,True,security_or_financial_risk,intent_misclassification
12,@AmazonHelp Yes I received an email saying it had been successfully changed but it still won’t work. I’ve tried logging into my other account and it works fine but for some reason this one won’t work?,account_security,other_non_actionable,0.1332416066964644,1.0000000000000002,True,True,high_risk_or_account_issue,intent_misclassification
13,"@115850 guys, bluedart is RIP in my area, I had to delegate and be the vent box for 30 pissed employees before I could get my cable, and that's when I was apologized to and assured that you will take care, GUESS WHAT? didn't happen :| why you do this fam.",order_delivery,customer_service_complaint,0.1265545844059537,1.0000000000000002,False,True,not_applicable,intent_misclassification
17,Dejad de sacarme el dinero @116928 😂😂❤️ https://t.co/uJY9phF0mV,subscription_prime,payment_billing,0.1754983088820002,1.0,False,True,not_applicable,intent_misclassification
18,"Estoy muy contento con @116928 y su velocidad de envío, productos que iban a llegar mañana y el jueves me llegan hoy.

No solo hay que publicar cuando estamos disconformes, excelente trabajo! #AmazonPrime 👏🏼👏🏼",order_delivery,product_order_issue,0.1563309481445559,1.0,False,True,not_applicable,intent_misclassification
22,@AmazonHelp It’s about 45 minutes to an hour away from me. Carrier is AMZL US,order_delivery,customer_service_complaint,0.1118827970646094,1.0,False,True,not_applicable,intent_misclassification
25,"@AmazonHelp It now says Monday but up until 30 mins/ an hour ago it said tomorrow
The emails say tomorrow
When I ordered it says tomorrow
I fully understand if you’re having transport issues but I should of been made aware at checkout that next day was not an option",order_delivery,account_security,0.3011255487098829,1.0,True,True,security_or_financial_risk,intent_misclassification
27,アマゾンプライム会員になっちゃった,subscription_prime,other_non_actionable,0.1189367552825832,0.0,False,True,not_applicable,intent_misclassification
29,"@AmazonHelp I ordered one device and gifted it to my friend, I have to buy one for me so I requested another invitation. it's now about a month. I didn't get any notification specifying that you are eligible to buy it or not.",product_order_issue,device_technical,0.2139237839577193,1.0000000000000002,False,True,not_applicable,intent_misclassification
34,@115830 where's the Arrow S5 box set on prime?,digital_content,subscription_prime,0.2443040935003169,1.0,False,True,not_applicable,intent_misclassification
35,"@313536 @115821 Had I realized, I wouldn't have ordered....so yaaaaa",product_order_issue,order_delivery,0.1162078651726462,1.0,False,True,not_applicable,intent_misclassification
36,"@AmazonHelp Yes, everything else streams fine. Just CBS is a problem.",digital_content,device_technical,0.122154082001197,1.0,False,True,not_applicable,intent_misclassification
37,@AmazonHelp No date as it’s now out of stock with amazon so they said that it’ll either get dispatched when it’s back in stock or will be automatically cancelled if they cannot source more stock from the supplier.,order_delivery,product_order_issue,0.1964938403920711,1.0,False,True,not_applicable,intent_misclassification
39,@122232 @115830 Maybe @AmazonHelp can help? Maybe? Anyone?,other_non_actionable,customer_service_complaint,0.1401468384799587,1.0,False,True,not_applicable,intent_misclassification
40,"Uhm, excuse me Amazon. Why is my copy of Ultra Sun/Moon saying it'll be here on Wed??? I have Prime??? Lol fml smh.",order_delivery,subscription_prime,0.2443627632634872,1.0,False,True,not_applicable,intent_misclassification
41,I’m a prime member and @115821 has been giving me SUCH a hard time with all of my orders this past month. I legit buy everything on amazon🙄,customer_service_complaint,subscription_prime,0.2484492532866915,1.0000000000000004,True,True,customer_service_complaint,intent_misclassification
42,@115850 Got a phone with some defects.Tried for exchange but neither you provide hand2hand exchange nor u provide a spare phone. WOW☹️ https://t.co/3AQ4VHDQcV,product_order_issue,returns_refunds,0.151816830184839,1.0,False,True,not_applicable,intent_misclassification
43,"@115830 Interesting. So you use Black Friday as an excuse to send out shoddy goods for marketplace sellers with no right to a replacement because it was a 'special offer'? Special offer or no special offer, I am entitled to a new item at the same price, yes?",returns_refunds,product_order_issue,0.1316497544864298,0.9999999999999994,False,True,not_applicable,intent_misclassification
45,@AmazonHelp I bought SOW gold Edition and i receive Code for Expansion Pass but apparently not.. literally it's another standard SOW Game,digital_content,order_delivery,0.1195724999257365,1.0,False,True,not_applicable,intent_misclassification
50,@AmazonHelp すみません、Amazon prime会員なのですが「渇き。」を観たい場合はどうすれば良いですか？,digital_content,subscription_prime,0.1951215555544026,1.0000000000000002,False,True,not_applicable,intent_misclassification
53,"@AmazonHelp Bonjour Amazon ! J'ai normalement droit à un coupon réduc de 5€ sur ma prochaine commande si je me connecte sur l'appli. J'ai téléchargé le coupon il y a qques jrs, mais je ne le vois plus aujourd'hui pour passer ma commande. Help ?!",payment_billing,order_delivery,0.1428703052714663,1.0000000000000002,True,True,high_risk_or_account_issue,intent_misclassification
54,"@AmazonHelp Nein, nein. Der Ring und das Symbol mit dem Mikrofon leuchten rot. Es hat aber niemand den Knopf gedrückt.",device_technical,other_non_actionable,0.1286729946914389,1.0,False,True,not_applicable,intent_misclassification
57,"@120533 @132988 Bilan : la boîte est presque pas abîmée (le mot clé étant « presque »), juste (de quoi passer) un doigt. 👈👀
Le rembourrage papier censé empêcher la console de se balader dans le colis et protéger les coins n'était pas suffisant, il semble avoir glissé pendant le transport. 💥😢 https://t.co/UPp9zwqwOd",product_order_issue,order_delivery,0.1369385393378762,0.9999999999999998,False,True,not_applicable,intent_misclassification
58,"@AmazonHelp It is a movie not a TV series...OK..if someone had been watching it,would appreciate notification before content is removed midway,thanks!!",digital_content,product_order_issue,0.1155609045002033,1.0,False,True,not_applicable,intent_misclassification
60,#AmazonIndia i am unable to understand why would my package estimated for oen day delivery become a 5 day delivery episode??? I can't track,order_delivery,digital_content,0.2334095200487487,1.0,False,True,not_applicable,intent_misclassification
61,@AmazonHelp 神対応、本当にありがとうございます！！,other_non_actionable,customer_service_complaint,0.1463306214229216,0.9999999999999996,False,True,not_applicable,intent_misclassification
62,"@AmazonHelp There were other typos too, hope you get a good team of QA :)",customer_service_complaint,digital_content,0.2180900779316878,1.0,True,True,customer_service_complaint,intent_misclassification
64,Hello @2600 ça va ? J'ai un souci avec une commande on passe en DM ?,product_order_issue,order_delivery,0.1350560024507293,1.0,False,True,not_applicable,intent_misclassification
66,@AmazonHelp Amazes me how when I ask politely and try to have a normal dialog it doesn't work but the moment I raise my voice I get a response straight away.I simply wanted to know what your complaint process https://t.co/DClluX8d3Q to log it and when to expect resolution.,customer_service_complaint,device_technical,0.2288735888259859,1.0000000000000004,True,True,customer_service_complaint,intent_misclassification
68,"@AmazonHelp Can you remove my email address from order #204-1416984-2493927 and that person's associated Amazon UK account? It's an elderly man who gives people/companies my email address all the time, and I'm having a hard time stopping him.",account_security,other_non_actionable,0.1365099925076692,1.0,True,True,high_risk_or_account_issue,intent_misclassification
69,"99.9% of the time, being a Prime @115821 member is great. But don't ""guaranteed delivery"" on a certain date, and show ""arriving by 8pm today"" when the ORDER HASN'T EVEN FUCKING SHIPPED YET.",order_delivery,subscription_prime,0.2508929833359412,0.9999999999999998,False,True,not_applicable,intent_misclassification
70,Got sent this @115830 Black Friday deal earlier. It said there were 9 hours left so waited until I was home from work but the price has gone up to £211!!! Is this allowed?! #BlackFridayDeals @118374 https://t.co/eJKn7ziKaq,payment_billing,product_order_issue,0.1523433871474323,1.0,True,True,high_risk_or_account_issue,intent_misclassification
71,"@AmazonHelp UK consumer law states under distance selling rules I’m entitled to FULL refund of payment, returns costs if item is faulty! Just coz his registered office is in Jersey &amp; dispatches from Netherlands doesn’t mean he or amazon can circumvent my rights!",returns_refunds,payment_billing,0.2036102223183341,1.0,False,True,not_applicable,intent_misclassification
72,なぜかKindleダウンロードできなくなった,digital_content,device_technical,0.2455299295758271,0.0,False,True,not_applicable,intent_misclassification
74,"@AmazonHelp but to me that I was charged the same day and never received a refund of the purchase .. in conjunction with the 3 times I have called have not helped me and assist me in an unprofessional way, I do not think that is what which represents the company, please help me",returns_refunds,payment_billing,0.2568318392239997,1.0,False,True,not_applicable,intent_misclassification
76,@AmazonHelp Yea I did .. sadly the same bug always!!,device_technical,customer_service_complaint,0.1336498456963407,1.0,False,True,not_applicable,intent_misclassification
77,"@AmazonHelp They refunded me the $5.99 for shipping, and the guy apologized and said that it would be here today, and I checked the tracking and it hasn’t even left the facility, and says it’ll be here by tomorrow.",order_delivery,returns_refunds,0.1699385993958004,1.0,False,True,not_applicable,intent_misclassification
78,@AmazonHelp El producto es vendido x amazon el dia 15 d este mes y ademas d llegar con días d retraso ni siquiera va a la dirección correcta!,order_delivery,other_non_actionable,0.1222651831381645,1.0,False,True,not_applicable,intent_misclassification
79,"Half of my ‘Kindle’ screen has gone, I am 1/4 way through a book, what can I do??
@115830 ??",device_technical,digital_content,0.2483594971771721,0.9999999999999998,False,True,not_applicable,intent_misclassification
82,"Hi @115821, this is the third day in a row that I have received this message, I know Texas is big but seriously how hard is it to deliver 2 car stickers? My Prime membership is feeling pretty laughable at this point. https://t.co/xV1Jybwfr0",order_delivery,subscription_prime,0.2458132925396062,1.0000000000000002,False,True,not_applicable,intent_misclassification
84,"@AmazonHelp @130687 Por suerte para mi, no para el planeta, los 8kg y medio de papel de burbujas han hecho su trabajo. Tengo pasatiempos para rato. Pop.",other_non_actionable,device_technical,0.1277617984878931,1.0,True,True,security_or_financial_risk,intent_misclassification
90,@AmazonHelp I have the email.,customer_service_complaint,account_security,0.3010292646055345,1.0,True,True,customer_service_complaint,intent_misclassification
94,"@AmazonHelp Initially amazon sent me a totally wrong item 

I raised a request for exchange, But in exchange, again they sent me wrong item 
First you sent me some other shoes and in exchange you sent me a shoes of different size.

This is really annoying",product_order_issue,returns_refunds,0.2289730618674302,1.0000000000000002,False,True,not_applicable,intent_misclassification
95,@AmazonHelp No se donde está,order_delivery,customer_service_complaint,0.1307008550658994,1.0,False,True,not_applicable,intent_misclassification
103,It's really Pathetic 2 order a product from @115850 really a 3rd class service from you guys.u don't hav sense or urgency for cust service,customer_service_complaint,product_order_issue,0.1999733681051625,0.9999999999999998,True,True,customer_service_complaint,intent_misclassification
104,"FIT1000 code expired but @115850 still advertising...
@180892 
Pls check and confirm if code is valid? https://t.co/6dYIhQlfYW",payment_billing,product_order_issue,0.1721969396082147,1.0,True,True,high_risk_or_account_issue,intent_misclassification
105,@123813 Se encuentra disponible con Android TV?,device_technical,digital_content,0.1375543562196389,0.9999999999999998,False,True,not_applicable,intent_misclassification
106,@AmazonHelp how long does it take for an order cancellation to process?,returns_refunds,product_order_issue,0.1630257725254798,1.0,False,True,not_applicable,intent_misclassification
110,@115830 Please look into Your packaging services.,product_order_issue,order_delivery,0.1176652115408992,1.0,False,True,not_applicable,intent_misclassification
111,@115833 just set up a new Echo. Have access to contacts and places a call. People on other end of call can’t hear me but I can hear them. Help!,device_technical,customer_service_complaint,0.1533524573307156,1.0000000000000002,False,True,not_applicable,intent_misclassification
113,@116928 hola pueden ayudarme x mensaje porfa? tengo un problema,customer_service_complaint,device_technical,0.1811112634934875,1.0,True,True,customer_service_complaint,intent_misclassification
114,@115823 Our account was suspended for no logical reason. No response from you in days despite repeated requests for help.,account_security,customer_service_complaint,0.1467058455292929,0.9999999999999996,True,True,high_risk_or_account_issue,intent_misclassification
119,"@AmazonHelp I have done the suggested steps on the Amazon Page itself ..  Left the Feedback, what else is required?",customer_service_complaint,subscription_prime,0.1181566335413607,1.0000000000000002,True,True,customer_service_complaint,intent_misclassification
120,"@115821 @116935 this is the 4th vinyl album I received that is warped! What’s going on in the warehouses and/or shipping? It’s frustrating to have to constantly return. You have a great return policy, but the time is the frustrating part.",product_order_issue,returns_refunds,0.2274650242390924,1.0000000000000002,True,True,repeated_unresolved_issue,intent_misclassification
121,@115830 why have I been charged delivery on a free delivery item.  So annoyed. Can't find way to message you,payment_billing,order_delivery,0.1280164286998736,0.9999999999999998,True,True,high_risk_or_account_issue,intent_misclassification
124,@115821 Dear Sir Someone calling me informing that I have wing raffle and need to Pay RS 6500 for proceeding the prize. Bank details shared with me. Called amazon but response poor. I am willing to support Amazon in nabbing this gang,account_security,customer_service_complaint,0.1423384634568674,1.0,True,True,high_risk_or_account_issue,intent_misclassification
127,@AmazonHelp It is. In fact there is only 2 more left https://t.co/f3Bbu1JSLc,other_non_actionable,product_order_issue,0.1201935453728525,1.0,False,True,not_applicable,intent_misclassification
129,@AmazonHelp nobody attempted to deliver this and it was a prime order. Why am I paying for membership when you don't deliver?! #badservice https://t.co/x9CJBSGLQ2,order_delivery,subscription_prime,0.2527602685643845,1.0000000000000002,True,True,repeated_unresolved_issue,intent_misclassification
136,"@145529 969260892, product till not delived, worst experience from @145529 &amp; @115850",order_delivery,product_order_issue,0.1795805077724976,1.0,False,True,not_applicable,intent_misclassification
139,@AmazonHelp @115850 this charger is for OnePlus one my phone is one plus 5t and why don't u understand that one plus original charger is useful only because it has 4 amphere supply while other charger have 2.1 Amp supply,product_order_issue,payment_billing,0.2038721856998454,1.0,False,True,not_applicable,intent_misclassification
140,@AmazonHelp There was no reason given! Order number is 114-0528110-0291469,order_delivery,payment_billing,0.1155363887690978,1.0,False,True,not_applicable,intent_misclassification
142,#Amazon-Alexa ist Gard angekommen 🤔😉,device_technical,other_non_actionable,0.1169392248804989,1.0,False,True,not_applicable,intent_misclassification
143,@AmazonHelp Management of what? What is HR?,other_non_actionable,subscription_prime,0.124542590275609,1.0,False,True,not_applicable,intent_misclassification
144,@AmazonHelp I’m a prime member I ordered two products $99 each in Canada while I’m here at our cottage but they want to charge me $60 to return ??? Gonna cancel my membership if this doesn’t get fixed @115821 @123644,returns_refunds,payment_billing,0.1976479603125548,0.9999999999999998,False,True,not_applicable,intent_misclassification
146,@115830 do I honestly have to send broken bulbs that arrived to me today back to you to get a replacement? Seems like a waste of resources https://t.co/vUCSJ8HZ1j,product_order_issue,returns_refunds,0.2041569900807703,1.0000000000000002,False,True,not_applicable,intent_misclassification
147,"@AmazonHelp in real world why so much delay ? 

that is why you guys do fail the transaction at your end. #ThreeTimeFaild https://t.co/IncuXCt7ON",payment_billing,order_delivery,0.11879700022307,1.0,True,True,high_risk_or_account_issue,intent_misclassification
149,クレジットがどうとかよりAmazonプライムがクレジット以外で払えるようになればええわ,payment_billing,subscription_prime,0.1968616947849059,0.0,True,True,high_risk_or_account_issue,intent_misclassification
150,Amazonプライム無料会員登録したから30日間で仮面ライダー見まくるぞ～～～！！,digital_content,subscription_prime,0.1968616947849059,0.0,False,True,not_applicable,intent_misclassification
153,Just ordered an @115821 Prime/ @115833 exclusive purchase. The future of retail is amazing.,product_order_issue,subscription_prime,0.2233473923730478,0.9999999999999998,False,True,not_applicable,intent_misclassification
155,@117086 ja faz mais de um mes que eu comprei na pre venda gente queria muito saber pq que demora meses pra gente ter o lançamento nas mãos,product_order_issue,other_non_actionable,0.1274593028462966,0.9999999999999998,False,True,not_applicable,intent_misclassification
158,"@AmazonHelp よく利用させていただいてます‼︎
最近はアプリを使うと
すぐにも検索、注文ができて
有り難いです☺️",other_non_actionable,device_technical,0.242394760095227,1.0,False,True,not_applicable,intent_misclassification
159,"@AmazonHelp No sé cómo podéis trabajar con una empresa así, pues no cumplen los plazos de entrega y se ríen del cliente. Vais a perder muchos clientes de mi zona por su culpa.",order_delivery,other_non_actionable,0.1447575044358829,1.0000000000000002,False,True,not_applicable,intent_misclassification
160,Hey @AmazonHelp @116316 ich tippe mal das das ein FAKE ist? https://t.co/IJieSetQ5v,account_security,other_non_actionable,0.1382044603405937,1.0000000000000002,True,True,high_risk_or_account_issue,intent_misclassification
162,"Umm excuse me @115821, how am i supposed to place my daily order?! 🤷🏼‍♀️🤷🏼‍♀️🤷🏼‍♀️😩😩😩 https://t.co/rSY51Nq24p",device_technical,product_order_issue,0.1690661399711693,1.0000000000000002,False,True,not_applicable,intent_misclassification
166,"@AmazonHelp I keep cancelling it but you keep taking the money the next month again, again and again... Can this be stopped?",subscription_prime,payment_billing,0.1725095032005894,1.0,True,True,repeated_unresolved_issue,intent_misclassification
168,"@115850 ஆபர்னு விலை கமிபண்ணுவாங்க, நீ என்ன அதிகம் பண்ணிருக்க?",other_non_actionable,payment_billing,0.1909062791412061,0.9999999999999998,False,True,not_applicable,intent_misclassification
171,"@119356 @115821 @AmazonHelp. They charged me extra amount see photos, now I want refund and compensation for the same from Amazon. Respond https://t.co/U4dDAOLBJP",returns_refunds,payment_billing,0.2329346076026195,1.0,False,True,not_applicable,intent_misclassification
174,"勝手にAmazonプライムスチューデントの年会費支払われてて困る
今金ないんだよ",subscription_prime,payment_billing,0.1934274466233115,0.0,False,True,not_applicable,intent_misclassification
176,@117086 Mind Hunter  de David Fincher,digital_content,other_non_actionable,0.1843202048520393,1.0,False,True,not_applicable,intent_misclassification
178,"@AmazonHelp Hi, after leaving me on D phone on hold 4 over 20 minutes, she dropped the my call &amp; never bothered to return to let me know but insisted my delivery will come by 9pm last night even though I repeated “nobody delivers round here at that time”!! Really upset about her attitude",order_delivery,returns_refunds,0.1244742878484782,1.0000000000000002,True,True,repeated_unresolved_issue,intent_misclassification
180,"@AmazonHelp I called the number you gave me Monday, they put my claim through and said I would have an email in 24 hours, it is now well past that and I’ve had no contact since. To clarify, my house is still damaged, I still have half a letter box and amazon haven’t done anything https://t.co/aT2byOV1gY",customer_service_complaint,returns_refunds,0.125641012759492,0.9999999999999992,True,True,customer_service_complaint,intent_misclassification
181,Is it just me or has @115850 been shitty for everyone off late? https://t.co/u2aVvJBEHM,customer_service_complaint,order_delivery,0.1315771099107185,1.0,True,True,customer_service_complaint,intent_misclassification
182,@AmazonHelp ありがとうございました！友人にきいたら詳しく教えてくれ、無事にお支払い番号お知らせメールがきました！,payment_billing,customer_service_complaint,0.1664230598344698,1.0000000000000002,True,True,high_risk_or_account_issue,intent_misclassification
183,"@169994 So, this was delicious! Is this something that will be available in the future or somewhere else? Must. have.",product_order_issue,returns_refunds,0.1258713555551491,0.9999999999999998,False,True,not_applicable,intent_misclassification
185,"@147807 
I'm a Amazon India prime seller. I need help",customer_service_complaint,product_order_issue,0.1561446755806246,1.0,True,True,customer_service_complaint,intent_misclassification
187,.@AmazonHelp where’s Thursday night football tonight?? I know it’s #BillsVJets but still. It’s the principle.,digital_content,order_delivery,0.1146120504947864,0.9999999999999996,False,True,not_applicable,intent_misclassification
190,"@AmazonHelp Please explain why as a Prime member, 2 day shipping on items is shipped UPS ground? Further explain why even when I paid extra for overnight it was shipped UPS ground? This happens all the time.",order_delivery,subscription_prime,0.1572374179128575,0.9999999999999998,False,True,not_applicable,intent_misclassification
194,"アマゾンファイアスティック、ふつうにヤバい発明じゃないですかね…
エウレカ見てたら一日終わるんですけど",device_technical,other_non_actionable,0.1775957935228624,0.0,False,True,not_applicable,intent_misclassification
197,@115850 where is this No cost option? https://t.co/6BCpHOQAoA,payment_billing,product_order_issue,0.1211849238317237,1.0,True,True,high_risk_or_account_issue,intent_misclassification
200,きめた！！Kindle fire買う！もう、論文の束とか、本の束とか、あれで読んでやる！！,device_technical,digital_content,0.2819388058666267,0.9999999999999998,False,True,not_applicable,intent_misclassification
1,"@AmazonHelp Hi,ich habe ein Problem mit meinen geliehenen Amazon Video Filmen. Wo kann ich mich für Hilfestellungen hinwenden?",digital_content,digital_content,0.2531656183883992,1.0,False,True,not_applicable,escalation_error
2,@115821 Based on my late packages you’re not actually shipping things....,order_delivery,order_delivery,0.1396441201296449,0.9999999999999996,False,True,not_applicable,escalation_error
3,Hey @115830 why are you telling someone they can keep the phone I sold them after I already refunded the money? So your policy says they can keep my money and my phone??? What the hell is that about????,returns_refunds,returns_refunds,0.2035799205452316,1.0,False,True,not_applicable,escalation_error
4,@AmazonHelp You should GN,other_non_actionable,customer_service_complaint,0.1670090237841575,1.0,False,True,not_applicable,escalation_error
5,"@116928 Buenos días,tengo una pregunta. Por qué descuidáis o por qué no supervisáis antes las traducciones y los errores que puedan contener los libros en formato electrónico?Todos tienen errores.Los notificó y nadie contesta.",digital_content,device_technical,0.2473418213846688,1.0000000000000002,False,True,not_applicable,escalation_error
6,"@130293 me podéis ayudar, ha cambiado el idioma de todas las apps al español. Pero en un móvil me sigue apareciendo en inglés... He borrado e instalado varias veces... Pero no me sale la opción de cambio de idioma.. Gracias!",device_technical,device_technical,0.240254815905532,1.0000000000000002,False,True,not_applicable,escalation_error
13,"@115850 guys, bluedart is RIP in my area, I had to delegate and be the vent box for 30 pissed employees before I could get my cable, and that's when I was apologized to and assured that you will take care, GUESS WHAT? didn't happen :| why you do this fam.",order_delivery,customer_service_complaint,0.1265545844059537,1.0000000000000002,False,True,not_applicable,escalation_error
14,@AmazonHelp Where do I find this please? It got to the point where she was so unhelpful I cancelled my prime membership,subscription_prime,subscription_prime,0.1450690103157829,1.0,False,True,not_applicable,escalation_error
15,Como siempre al cien 👌👌 @116875 *-* https://t.co/fmALlAtxPF,other_non_actionable,other_non_actionable,0.2045060892095875,1.0,False,True,not_applicable,escalation_error
16,@AmazonHelp チョコレート味だいすきです( ¯ᒡ̱¯ )و♡,other_non_actionable,other_non_actionable,0.1855106878805034,1.0,False,True,not_applicable,escalation_error
17,Dejad de sacarme el dinero @116928 😂😂❤️ https://t.co/uJY9phF0mV,subscription_prime,payment_billing,0.1754983088820002,1.0,False,True,not_applicable,escalation_error
18,"Estoy muy contento con @116928 y su velocidad de envío, productos que iban a llegar mañana y el jueves me llegan hoy.

No solo hay que publicar cuando estamos disconformes, excelente trabajo! #AmazonPrime 👏🏼👏🏼",order_delivery,product_order_issue,0.1563309481445559,1.0,False,True,not_applicable,escalation_error
19,I can not believe how terrible @116090 has become. I will NOT be renewing #amazonprime. What a joke.,subscription_prime,subscription_prime,0.1808707994840616,1.0000000000000002,False,True,not_applicable,escalation_error
21,"@AmazonHelp Oui : report de la livraison à jeudi, sans motif. J’ai tenté de modifier mon lieu de livraison, bug sur le site, je rétablis mon adresse d’origine... livraison repoussée à samedi... et le service client n’est même pas en mesure de rétablir la date à jeudi 😡😡",order_delivery,order_delivery,0.1381590679633711,0.9999999999999996,False,True,not_applicable,escalation_error
22,@AmazonHelp It’s about 45 minutes to an hour away from me. Carrier is AMZL US,order_delivery,customer_service_complaint,0.1118827970646094,1.0,False,True,not_applicable,escalation_error
23,Hey @115821 ... I think a 12”x15” box for a single mechanical pencil is a bit much. https://t.co/FPjip9uUtu,product_order_issue,product_order_issue,0.1681957275521087,1.0,False,True,not_applicable,escalation_error
24,@AmazonHelp ペルソナ5のピアノ版サントラもオナシャス！！,digital_content,digital_content,0.23328439799765,1.0,False,True,not_applicable,escalation_error
27,アマゾンプライム会員になっちゃった,subscription_prime,other_non_actionable,0.1189367552825832,0.0,False,True,not_applicable,escalation_error
28,@AmazonHelp why can’t i get into my amazon account? It says my password is incorrect and i know it’s correct i changed it 3 times now,account_security,account_security,0.3503624987862173,0.9999999999999996,True,False,high_risk_or_account_issue,escalation_error
29,"@AmazonHelp I ordered one device and gifted it to my friend, I have to buy one for me so I requested another invitation. it's now about a month. I didn't get any notification specifying that you are eligible to buy it or not.",product_order_issue,device_technical,0.2139237839577193,1.0000000000000002,False,True,not_applicable,escalation_error
30,Kaputt gebastelt von der IT @116316. 🤡 https://t.co/AOFCyKlFgG,device_technical,device_technical,0.2410509288444858,1.0,False,True,not_applicable,escalation_error
31,"@115830 ❤️ that I can buy all my Christmas shopping in one, convenient place: Amazon! and your delivery drivers ruin it by leaving my goods outside in full view for ‘collection’ by peeps walking down my street! #notgoodenough",order_delivery,order_delivery,0.1356471368488991,1.0000000000000002,False,True,not_applicable,escalation_error
32,"@AmazonHelp Placed order yesterday for in stock item, 2 day free prime shipping. Order email came, looked at it today said delivery on the 15th. Called CS, to ask why this happen since I gave a friend the link to the item and he ordered 3 hours later and his shipped last night. 1/2",order_delivery,order_delivery,0.1508736245917493,1.0,False,True,not_applicable,escalation_error
34,@115830 where's the Arrow S5 box set on prime?,digital_content,subscription_prime,0.2443040935003169,1.0,False,True,not_applicable,escalation_error
35,"@313536 @115821 Had I realized, I wouldn't have ordered....so yaaaaa",product_order_issue,order_delivery,0.1162078651726462,1.0,False,True,not_applicable,escalation_error
36,"@AmazonHelp Yes, everything else streams fine. Just CBS is a problem.",digital_content,device_technical,0.122154082001197,1.0,False,True,not_applicable,escalation_error
37,@AmazonHelp No date as it’s now out of stock with amazon so they said that it’ll either get dispatched when it’s back in stock or will be automatically cancelled if they cannot source more stock from the supplier.,order_delivery,product_order_issue,0.1964938403920711,1.0,False,True,not_applicable,escalation_error
38,@AmazonHelp Yes they are both third party sellers,product_order_issue,product_order_issue,0.1743092474949694,1.0,False,True,not_applicable,escalation_error
39,@122232 @115830 Maybe @AmazonHelp can help? Maybe? Anyone?,other_non_actionable,customer_service_complaint,0.1401468384799587,1.0,False,True,not_applicable,escalation_error
40,"Uhm, excuse me Amazon. Why is my copy of Ultra Sun/Moon saying it'll be here on Wed??? I have Prime??? Lol fml smh.",order_delivery,subscription_prime,0.2443627632634872,1.0,False,True,not_applicable,escalation_error
42,@115850 Got a phone with some defects.Tried for exchange but neither you provide hand2hand exchange nor u provide a spare phone. WOW☹️ https://t.co/3AQ4VHDQcV,product_order_issue,returns_refunds,0.151816830184839,1.0,False,True,not_applicable,escalation_error
43,"@115830 Interesting. So you use Black Friday as an excuse to send out shoddy goods for marketplace sellers with no right to a replacement because it was a 'special offer'? Special offer or no special offer, I am entitled to a new item at the same price, yes?",returns_refunds,product_order_issue,0.1316497544864298,0.9999999999999994,False,True,not_applicable,escalation_error
44,@AmazonHelp Need support from amazon for either replacement of order or refund.,returns_refunds,returns_refunds,0.1543412530727178,1.0000000000000002,False,True,not_applicable,escalation_error
45,@AmazonHelp I bought SOW gold Edition and i receive Code for Expansion Pass but apparently not.. literally it's another standard SOW Game,digital_content,order_delivery,0.1195724999257365,1.0,False,True,not_applicable,escalation_error
46,"このサービスが年間4000円って
何かチョットおかしい気がするよね

#ありがたいけど
#心配になる
#amazon",subscription_prime,subscription_prime,0.2037076456494143,1.0,False,True,not_applicable,escalation_error
48,@AmazonHelp Bonjour. Je vous contact car je devais recevoir aujourd’hui deux colis (n° de suivi BH592412889FR) mais il me dit que c’est livrable maintenant entre le 29 - 4 decembre. Le pb chest que j pars en vacance le 3dec.. des infos sur la livraison? Merci...,order_delivery,order_delivery,0.1432960782841079,0.9999999999999998,False,True,not_applicable,escalation_error
49,"@AmazonHelp It was a multi purchase, and couldn't cancel one item- had to 📱",product_order_issue,product_order_issue,0.1486325144199659,1.0,False,True,not_applicable,escalation_error
50,@AmazonHelp すみません、Amazon prime会員なのですが「渇き。」を観たい場合はどうすれば良いですか？,digital_content,subscription_prime,0.1951215555544026,1.0000000000000002,False,True,not_applicable,escalation_error
51,"@116928 hola ,necesito comunicarme con ustedes para solucionar un problema técnico",device_technical,device_technical,0.248133345266031,1.0000000000000002,False,True,not_applicable,escalation_error
52,"Cute ad by @115821 for the Holiday season
https://t.co/9PoNhl17Uj",other_non_actionable,other_non_actionable,0.180396592794641,1.0,False,True,not_applicable,escalation_error
54,"@AmazonHelp Nein, nein. Der Ring und das Symbol mit dem Mikrofon leuchten rot. Es hat aber niemand den Knopf gedrückt.",device_technical,other_non_actionable,0.1286729946914389,1.0,False,True,not_applicable,escalation_error
55,@AmazonHelp Does not work.,device_technical,device_technical,0.2327255538283156,1.0,False,True,not_applicable,escalation_error
56,"Hey, @115830.

You can deliver me a book in literally hours.
So, when I cancel my subscription to Prime, how about you actually stop automatically trying to take the money every month? It shouldn't have to be something that needs RE-doing, once already cancelled.

Stop.",subscription_prime,subscription_prime,0.2037047338883116,0.9999999999999996,False,True,not_applicable,escalation_error
57,"@120533 @132988 Bilan : la boîte est presque pas abîmée (le mot clé étant « presque »), juste (de quoi passer) un doigt. 👈👀
Le rembourrage papier censé empêcher la console de se balader dans le colis et protéger les coins n'était pas suffisant, il semble avoir glissé pendant le transport. 💥😢 https://t.co/UPp9zwqwOd",product_order_issue,order_delivery,0.1369385393378762,0.9999999999999998,False,True,not_applicable,escalation_error
58,"@AmazonHelp It is a movie not a TV series...OK..if someone had been watching it,would appreciate notification before content is removed midway,thanks!!",digital_content,product_order_issue,0.1155609045002033,1.0,False,True,not_applicable,escalation_error
60,#AmazonIndia i am unable to understand why would my package estimated for oen day delivery become a 5 day delivery episode??? I can't track,order_delivery,digital_content,0.2334095200487487,1.0,False,True,not_applicable,escalation_error
61,@AmazonHelp 神対応、本当にありがとうございます！！,other_non_actionable,customer_service_complaint,0.1463306214229216,0.9999999999999996,False,True,not_applicable,escalation_error
64,Hello @2600 ça va ? J'ai un souci avec une commande on passe en DM ?,product_order_issue,order_delivery,0.1350560024507293,1.0,False,True,not_applicable,escalation_error
65,"Amazon商品誤配送で人生初返品手続き。
ふざけやがって",returns_refunds,returns_refunds,0.1550138429597734,0.0,False,True,not_applicable,escalation_error
67,"@115850 I ordered a book called ""The Baker In The World'. It was suppose to arrive today. Later got a text saying couldn't arrive due to no payment. BUT NOBODY CAME HOME FIRSTLY TO DELIVER? WHY THIS TORTURE??",order_delivery,order_delivery,0.1399156612476458,1.0,False,True,not_applicable,escalation_error
69,"99.9% of the time, being a Prime @115821 member is great. But don't ""guaranteed delivery"" on a certain date, and show ""arriving by 8pm today"" when the ORDER HASN'T EVEN FUCKING SHIPPED YET.",order_delivery,subscription_prime,0.2508929833359412,0.9999999999999998,False,True,not_applicable,escalation_error
71,"@AmazonHelp UK consumer law states under distance selling rules I’m entitled to FULL refund of payment, returns costs if item is faulty! Just coz his registered office is in Jersey &amp; dispatches from Netherlands doesn’t mean he or amazon can circumvent my rights!",returns_refunds,payment_billing,0.2036102223183341,1.0,False,True,not_applicable,escalation_error
72,なぜかKindleダウンロードできなくなった,digital_content,device_technical,0.2455299295758271,0.0,False,True,not_applicable,escalation_error
74,"@AmazonHelp but to me that I was charged the same day and never received a refund of the purchase .. in conjunction with the 3 times I have called have not helped me and assist me in an unprofessional way, I do not think that is what which represents the company, please help me",returns_refunds,payment_billing,0.2568318392239997,1.0,False,True,not_applicable,escalation_error
75,"@AmazonHelp Yes, other commands are working fine",device_technical,device_technical,0.2385815334757263,1.0,False,True,not_applicable,escalation_error
76,@AmazonHelp Yea I did .. sadly the same bug always!!,device_technical,customer_service_complaint,0.1336498456963407,1.0,False,True,not_applicable,escalation_error
77,"@AmazonHelp They refunded me the $5.99 for shipping, and the guy apologized and said that it would be here today, and I checked the tracking and it hasn’t even left the facility, and says it’ll be here by tomorrow.",order_delivery,returns_refunds,0.1699385993958004,1.0,False,True,not_applicable,escalation_error
78,@AmazonHelp El producto es vendido x amazon el dia 15 d este mes y ademas d llegar con días d retraso ni siquiera va a la dirección correcta!,order_delivery,other_non_actionable,0.1222651831381645,1.0,False,True,not_applicable,escalation_error
79,"Half of my ‘Kindle’ screen has gone, I am 1/4 way through a book, what can I do??
@115830 ??",device_technical,digital_content,0.2483594971771721,0.9999999999999998,False,True,not_applicable,escalation_error
80,@12154 @115850 Will the new TV show be available to Prime users in the US? or is this India only?,digital_content,digital_content,0.2207901001521788,0.9999999999999996,False,True,not_applicable,escalation_error
81,Not sure how having my @115830 delivery being dumped behind a bin constitutes being handed to resident? Last time I checked I don’t live in a bin or pay for #AmazonPrime for this. Wasted time knocking on neighbours doors looking for it as well. 😡,order_delivery,order_delivery,0.1480282346969194,1.0000000000000002,False,True,not_applicable,escalation_error
82,"Hi @115821, this is the third day in a row that I have received this message, I know Texas is big but seriously how hard is it to deliver 2 car stickers? My Prime membership is feeling pretty laughable at this point. https://t.co/xV1Jybwfr0",order_delivery,subscription_prime,0.2458132925396062,1.0000000000000002,False,True,not_applicable,escalation_error
85,@AmazonHelp Thanks for your  cooperation,other_non_actionable,other_non_actionable,0.2111376213129731,1.0000000000000002,False,True,not_applicable,escalation_error
86,@115850 @AmazonHelp What is use of prime membership  when no support from yu regarding shipment updating and cancelling order...,subscription_prime,subscription_prime,0.2413348607570179,0.9999999999999998,False,True,not_applicable,escalation_error
88,@AmazonHelp still my refund not credited. yesterday is the refund date but no credit. and i ask yesterday customare care they are told me go to nearest bank and tell the  reference number he will help you. what is this sir all your side misstake but all problem handle me only.. very bad sry?,returns_refunds,returns_refunds,0.2015423781519653,1.0,False,True,not_applicable,escalation_error
89,"@115830 about the purpose of the toys: if you want to completely distract the child from music, buy a baby piano with a bad sound without the ability to connect to high-quality acoustics, without the possibility to turn on the library of sounds ... (about toys)? https://t.co/hXnFOlHiUx",other_non_actionable,other_non_actionable,0.1449759851049091,1.0000000000000002,False,True,not_applicable,escalation_error
91,@AmazonHelp Will you refund courier chatges if i send it back?,returns_refunds,returns_refunds,0.2179794606613869,1.0,False,True,not_applicable,escalation_error
92,"@120533 c’est ça votre emballage cadeau à 2,99€ ? Vous avez régressé sérieux 3€ pour un truc que je vais devoir refaire parce qu’il est moche et transparent, c’est du papier carton pour chaussures vous déconnez !!!?! https://t.co/igr56f7y4U",product_order_issue,product_order_issue,0.1693447404994332,0.9999999999999998,False,True,not_applicable,escalation_error
93,アマゾンプライムにコウノドリの１期があったので流し見しよ～と思ったけど号泣しまくりでつらい朝,digital_content,digital_content,0.2528879464503228,0.0,False,True,not_applicable,escalation_error
94,"@AmazonHelp Initially amazon sent me a totally wrong item 

I raised a request for exchange, But in exchange, again they sent me wrong item 
First you sent me some other shoes and in exchange you sent me a shoes of different size.

This is really annoying",product_order_issue,returns_refunds,0.2289730618674302,1.0000000000000002,False,True,not_applicable,escalation_error
95,@AmazonHelp No se donde está,order_delivery,customer_service_complaint,0.1307008550658994,1.0,False,True,not_applicable,escalation_error
96,@AmazonHelp immer noch nichts ... was würde bushido tun?,order_delivery,order_delivery,0.1268578804022224,1.0,False,True,not_applicable,escalation_error
98,@AmazonHelp This was the last update before I called amazon customer service today and that's when I found out it was lost.  I would of appreciated being notified of a lost or missing package instead of waiting for a package that was never coming. https://t.co/4lK4C9GKm3,order_delivery,order_delivery,0.1457805190714981,0.9999999999999996,False,True,not_applicable,escalation_error
99,"@AmazonHelp I've been a loyal prime customer for years. Currently, I'm being given the run-around on the return of a $700 cookware set. I would really appreciate some help, as I'm furious at your customer service.",returns_refunds,returns_refunds,0.1274389300347188,1.0,False,True,not_applicable,escalation_error
100,Hey @115850 - I keep getting this error on Amazon Now everytime I add a product to my cart. https://t.co/QM5yATrrJZ,device_technical,device_technical,0.2363775028459842,1.0,False,True,not_applicable,escalation_error
101,"@AmazonHelp Se que son una excelente empresa, pero les falla en esto, en estas fechas es mejor o deshabilitar la opción de un día o de plano agregar una nota de que el pedido puede no llegar en la fecha promesa por la sobredemanda",order_delivery,order_delivery,0.1348871188814848,1.0000000000000004,False,True,not_applicable,escalation_error
105,@123813 Se encuentra disponible con Android TV?,device_technical,digital_content,0.1375543562196389,0.9999999999999998,False,True,not_applicable,escalation_error
106,@AmazonHelp how long does it take for an order cancellation to process?,returns_refunds,product_order_issue,0.1630257725254798,1.0,False,True,not_applicable,escalation_error
107,"@AmazonHelp Yeah it was expected 6th-9th and still isn’t here, I ordered it on the 1st",order_delivery,order_delivery,0.1369347049736204,1.0,False,True,not_applicable,escalation_error
109,"@115821 why the fuck does your video quality fluctuate from amazing to a piece of shit every few seconds? My internet is fast as fuck. This is an Amazon Service problem. I wanna watch The Wire, dammit.",digital_content,digital_content,0.2348370438000249,0.9999999999999996,False,True,not_applicable,escalation_error
110,@115830 Please look into Your packaging services.,product_order_issue,order_delivery,0.1176652115408992,1.0,False,True,not_applicable,escalation_error
111,@115833 just set up a new Echo. Have access to contacts and places a call. People on other end of call can’t hear me but I can hear them. Help!,device_technical,customer_service_complaint,0.1533524573307156,1.0000000000000002,False,True,not_applicable,escalation_error
112,@AmazonHelp I don’t think I have even received one yet.,order_delivery,order_delivery,0.1223812767548113,1.0,False,True,not_applicable,escalation_error
116,@AmazonHelp Isn't there a way to hide the shopping cart side bar on the website???,device_technical,device_technical,0.2371611090995252,1.0,False,True,not_applicable,escalation_error
122,@123813 Ya contrate el año. Pero su aplicacion para smarTV Samsung se atora a cada rato y tengo que reiniciarla al terminar los capitulos de mi serie. Y aun no tienen cannal en Rocku Mexico. Ojalá mejoren esos aspectos,digital_content,digital_content,0.233206810467046,0.9999999999999998,False,True,not_applicable,escalation_error
125,"@AmazonHelp いやですね、返品完了って出てるのですがカード履歴を昨日見たところ返金されたらしき痕跡が見られなかったので。
で、今回は返品完了のメールが来てから4日経ってるのでさすがに？ という訳です",returns_refunds,returns_refunds,0.1517928093232625,1.0,False,True,not_applicable,escalation_error
126,@AmazonHelp Can i get someone who isn’t useless please. I want my money back,returns_refunds,returns_refunds,0.189149287109657,1.0,False,True,not_applicable,escalation_error
127,@AmazonHelp It is. In fact there is only 2 more left https://t.co/f3Bbu1JSLc,other_non_actionable,product_order_issue,0.1201935453728525,1.0,False,True,not_applicable,escalation_error
128,@AmazonHelp I talked to your Indian customer support representative and he said that he is not able to find contact number of seller. Do you really verify sellers before registering? I'm unable to claim my warranty for order of crossbeats headphone as it stopped workng in 5 mnths,product_order_issue,product_order_issue,0.1714317786896666,1.0,False,True,not_applicable,escalation_error
133,@129773 Why isn't #WonderWoman available as part of my @129773 account as are so many films are available on Lovefilm DVD but not via Prime?,digital_content,digital_content,0.2544868940724509,1.0,False,True,not_applicable,escalation_error
136,"@145529 969260892, product till not delived, worst experience from @145529 &amp; @115850",order_delivery,product_order_issue,0.1795805077724976,1.0,False,True,not_applicable,escalation_error
137,"@AmazonHelp I got mail from you, I surprised with your system/management!!!. They didn't find my query. I got this message from Amazon on 7th Oct 2017 ""Your Amazon.in order (#406-2033839-8995520) has been dispatched. Estimated delivery: Thursday, October 12. https://t.co/v30kra4gE3""",order_delivery,order_delivery,0.1369192776617899,1.0000000000000002,False,True,not_applicable,escalation_error
138,"@116618 , Why are the episodes unavailable? https://t.co/hC1mjyz3Ob",digital_content,digital_content,0.2400262316678557,1.0000000000000002,False,True,not_applicable,escalation_error
139,@AmazonHelp @115850 this charger is for OnePlus one my phone is one plus 5t and why don't u understand that one plus original charger is useful only because it has 4 amphere supply while other charger have 2.1 Amp supply,product_order_issue,payment_billing,0.2038721856998454,1.0,False,True,not_applicable,escalation_error
140,@AmazonHelp There was no reason given! Order number is 114-0528110-0291469,order_delivery,payment_billing,0.1155363887690978,1.0,False,True,not_applicable,escalation_error
141,"@AmazonHelp no, i use another website",other_non_actionable,other_non_actionable,0.1639227658349253,1.0,False,True,not_applicable,escalation_error
142,#Amazon-Alexa ist Gard angekommen 🤔😉,device_technical,other_non_actionable,0.1169392248804989,1.0,False,True,not_applicable,escalation_error
143,@AmazonHelp Management of what? What is HR?,other_non_actionable,subscription_prime,0.124542590275609,1.0,False,True,not_applicable,escalation_error
144,@AmazonHelp I’m a prime member I ordered two products $99 each in Canada while I’m here at our cottage but they want to charge me $60 to return ??? Gonna cancel my membership if this doesn’t get fixed @115821 @123644,returns_refunds,payment_billing,0.1976479603125548,0.9999999999999998,False,True,not_applicable,escalation_error
145,時間に追われてアマゾンプライマーになってしまった,subscription_prime,subscription_prime,0.1968616947849059,0.0,False,True,not_applicable,escalation_error
146,@115830 do I honestly have to send broken bulbs that arrived to me today back to you to get a replacement? Seems like a waste of resources https://t.co/vUCSJ8HZ1j,product_order_issue,returns_refunds,0.2041569900807703,1.0000000000000002,False,True,not_applicable,escalation_error
148,"@AmazonHelp Just watched your delivery person throw one of my packages out of his truck into the street, and then the rest out of his hand onto the sidewalk unattended.",order_delivery,order_delivery,0.1350651634934946,1.0,False,True,not_applicable,escalation_error
150,Amazonプライム無料会員登録したから30日間で仮面ライダー見まくるぞ～～～！！,digital_content,subscription_prime,0.1968616947849059,0.0,False,True,not_applicable,escalation_error
151,i'll keep you updated,other_non_actionable,other_non_actionable,0.136083236874235,1.0,False,True,not_applicable,escalation_error
152,@AmazonHelp Honestly your going with that 😂😂😂😂,other_non_actionable,other_non_actionable,0.1708300333916722,0.9999999999999996,False,True,not_applicable,escalation_error
153,Just ordered an @115821 Prime/ @115833 exclusive purchase. The future of retail is amazing.,product_order_issue,subscription_prime,0.2233473923730478,0.9999999999999998,False,True,not_applicable,escalation_error
154,@AmazonHelp I can't even imagine how brainless Bimbo you guys are if they are shipped as per delivery date how the hell was the order whose delivery date is farther than the previous Order got dispatched earlier but the previous Order is not dispatched yet,order_delivery,order_delivery,0.1378774928324301,0.9999999999999996,False,True,not_applicable,escalation_error
155,@117086 ja faz mais de um mes que eu comprei na pre venda gente queria muito saber pq que demora meses pra gente ter o lançamento nas mãos,product_order_issue,other_non_actionable,0.1274593028462966,0.9999999999999998,False,True,not_applicable,escalation_error
158,"@AmazonHelp よく利用させていただいてます‼︎
最近はアプリを使うと
すぐにも検索、注文ができて
有り難いです☺️",other_non_actionable,device_technical,0.242394760095227,1.0,False,True,not_applicable,escalation_error
159,"@AmazonHelp No sé cómo podéis trabajar con una empresa así, pues no cumplen los plazos de entrega y se ríen del cliente. Vais a perder muchos clientes de mi zona por su culpa.",order_delivery,other_non_actionable,0.1447575044358829,1.0000000000000002,False,True,not_applicable,escalation_error
161,@AmazonHelp Maginaaaa tamo junto! Sapiens do Yuval Noah Harari,other_non_actionable,other_non_actionable,0.17987490195811,1.0,False,True,not_applicable,escalation_error
162,"Umm excuse me @115821, how am i supposed to place my daily order?! 🤷🏼‍♀️🤷🏼‍♀️🤷🏼‍♀️😩😩😩 https://t.co/rSY51Nq24p",device_technical,product_order_issue,0.1690661399711693,1.0000000000000002,False,True,not_applicable,escalation_error
164,@AmazonHelp A new laptop is number one on my list and then I might treat myself to an echo!,other_non_actionable,other_non_actionable,0.1534508463360472,1.0,False,True,not_applicable,escalation_error
165,"Hey @AmazonHelp yesterday and today when I’ve tried to log in or reset my password the website says I don’t have an account and I definitely do. And when I try to go to customer support I have to log in to get there, which if I could do I wouldn’t have to go to customer support.",account_security,account_security,0.3572188143764271,0.9999999999999998,True,False,high_risk_or_account_issue,escalation_error
167,@123813 Puedo comprar dispositivo p verlas en la tv?,digital_content,digital_content,0.1332220448316136,1.0,False,True,not_applicable,escalation_error
168,"@115850 ஆபர்னு விலை கமிபண்ணுவாங்க, நீ என்ன அதிகம் பண்ணிருக்க?",other_non_actionable,payment_billing,0.1909062791412061,0.9999999999999998,False,True,not_applicable,escalation_error
169,"@AmazonHelp 5 mal mindestens, ohne Stellungnahme des Fahrer oder der verantwortlichen Dispo tut soch wohl nichts. Sind arogante Fahrer, man merkt direkt dass die im Auftrag von @124285 fahren aber nicht dort direkt sind. Direkte Fahrer kommen am Tage, dass läuft suppi.",order_delivery,order_delivery,0.1232693982525645,0.9999999999999996,False,True,not_applicable,escalation_error
171,"@119356 @115821 @AmazonHelp. They charged me extra amount see photos, now I want refund and compensation for the same from Amazon. Respond https://t.co/U4dDAOLBJP",returns_refunds,payment_billing,0.2329346076026195,1.0,False,True,not_applicable,escalation_error
172,@115821 That the subscription is cancelled successfully,subscription_prime,subscription_prime,0.1186288493510203,1.0000000000000002,False,True,not_applicable,escalation_error
173,"@AmazonHelp YES i reported this last time, given no options, given a refund. Clearly these couriers still in use.  WAs home ALL day - FedEX, UPS, and USPS all delivered. Only YOUR courier ""attempted"" delivery and couldnt deliver towels, straws, and gravy strainer- no items that needed sig",order_delivery,order_delivery,0.1376516161160861,1.0,False,True,not_applicable,escalation_error
174,"勝手にAmazonプライムスチューデントの年会費支払われてて困る
今金ないんだよ",subscription_prime,payment_billing,0.1934274466233115,0.0,False,True,not_applicable,escalation_error
176,@117086 Mind Hunter  de David Fincher,digital_content,other_non_actionable,0.1843202048520393,1.0,False,True,not_applicable,escalation_error
177,@AmazonHelp Still doing it https://t.co/j96P6nI3yU,other_non_actionable,other_non_actionable,0.1459315552351857,1.0000000000000002,False,True,not_applicable,escalation_error
183,"@169994 So, this was delicious! Is this something that will be available in the future or somewhere else? Must. have.",product_order_issue,returns_refunds,0.1258713555551491,0.9999999999999998,False,True,not_applicable,escalation_error
184,"So, I have multiple @115821 Echos and @115888 Premium for Family. Being able to play music from multiple Spotify accounts to multiple Echos at once seems like a pretty basic requirement. Why can't I do this? Tempted to ditch the Echos for @122986 Homes @AmazonHelp",device_technical,device_technical,0.2114720052612954,1.0,False,True,not_applicable,escalation_error
186,@AmazonHelp Had to buy the audio bit again. Weird. Also very confused by the audible v kindle options. Kindle audio SO much cheaper!,digital_content,digital_content,0.256392520152559,0.9999999999999998,False,True,not_applicable,escalation_error
187,.@AmazonHelp where’s Thursday night football tonight?? I know it’s #BillsVJets but still. It’s the principle.,digital_content,order_delivery,0.1146120504947864,0.9999999999999996,False,True,not_applicable,escalation_error
188,@12393 An update a few months ago has meant I can't buy anything on the Kindle itself. Everytime I try it tells me it is updating &amp; then refuses to recognise the WiFi. &amp; Yes I'm turning it on and off.,device_technical,device_technical,0.2447180462532134,1.0000000000000002,False,True,not_applicable,escalation_error
189,@AmazonHelp They said all Prime membership types except for invitees and members who get their benefits via an Amazon Household are eligible. Nonsense.,subscription_prime,subscription_prime,0.1370084846302783,1.0,False,True,not_applicable,escalation_error
190,"@AmazonHelp Please explain why as a Prime member, 2 day shipping on items is shipped UPS ground? Further explain why even when I paid extra for overnight it was shipped UPS ground? This happens all the time.",order_delivery,subscription_prime,0.1572374179128575,0.9999999999999998,False,True,not_applicable,escalation_error
193,All I want is a full refund in my account for something that I am returning (Unopened package) @AmazonHelp I've done it before &amp; the rep is just going on about giving me hard time on a Full refund. I shouldn't have to sit here for this long.,returns_refunds,returns_refunds,0.1996636595597877,0.9999999999999996,False,True,not_applicable,escalation_error
194,"アマゾンファイアスティック、ふつうにヤバい発明じゃないですかね…
エウレカ見てたら一日終わるんですけど",device_technical,other_non_actionable,0.1775957935228624,0.0,False,True,not_applicable,escalation_error
196,@119625 @90949 Any new movies sir?,digital_content,digital_content,0.2575652684015024,1.0,False,True,not_applicable,escalation_error
198,When I call @115850 they say the offer on prime is for two more days but on app it shows different ! https://t.co/6Xht0RsPDz,subscription_prime,subscription_prime,0.2276754537563646,1.0000000000000002,False,True,not_applicable,escalation_error
200,きめた！！Kindle fire買う！もう、論文の束とか、本の束とか、あれで読んでやる！！,device_technical,digital_content,0.2819388058666267,0.9999999999999998,False,True,not_applicable,escalation_error
