sample_id,customer_text,brand_response,suggested_intent,suggested_escalate,human_intent,human_escalate,human_notes
1,"@AmazonHelp Hi,ich habe ein Problem mit meinen geliehenen Amazon Video Filmen. Wo kann ich mich für Hilfestellungen hinwenden?","@192515 Hi, die Kollegen erreichst du - gerne auch telefonisch - über unser Kontaktformular: https://t.co/aAfOxTGpe1 Lieber Gruß ^SI",digital_content,False,digital_content,False,
2,@115821 Based on my late packages you’re not actually shipping things....,@423096 Sorry your parcels aren't arriving as expected. Has the tracking updated to reflect this? ^RR,order_delivery,False,order_delivery,False,
3,Hey @115830 why are you telling someone they can keep the phone I sold them after I already refunded the money? So your policy says they can keep my money and my phone??? What the hell is that about????,"@791904 I am terribly sorry for the trouble you're having. We do not have access to that information on social media. When you have a moment, please contact us here: https://t.co/3glASt8VcW ^VF",returns_refunds,False,returns_refunds,False,
4,@AmazonHelp You should GN,"@678751 As informed earlier, we don't have any announcement yet. Please stay tuned. ^MK",other_non_actionable,False,other_non_actionable,False,
5,"@116928 Buenos días,tengo una pregunta. Por qué descuidáis o por qué no supervisáis antes las traducciones y los errores que puedan contener los libros en formato electrónico?Todos tienen errores.Los notificó y nadie contesta.","@812008 Buenos días Health, lamentamos el inconveniente. ¿Has reportado lo que indicas directamente por teléfono con nuestros compañeros de Soporte al Cliente? ^DA",other_non_actionable,False,digital_content,False,
6,"@130293 me podéis ayudar, ha cambiado el idioma de todas las apps al español. Pero en un móvil me sigue apareciendo en inglés... He borrado e instalado varias veces... Pero no me sale la opción de cambio de idioma.. Gracias!",@679468 Hola Josep. Te recomendamos contactar a nuestro Servicio de Atención: https://t.co/OjvUxwnzPe ^HC,device_technical,False,device_technical,False,
7,@AmazonHelp I don't have an Amazon account with that email address. But it is an address with 2 step verification that has not been hacked.  Why would someone be able to set up an Amazon account with an email account that has not been verified thru Amazon?  Sounds like Amazon security prob.,"@280258 Hey, you can set up an Amazon account using any email address that's not already associated with Amazon account. ^RS",account_security,True,account_security,True,
8,@AmazonHelp Sent my details as required.. expecting a quick intervention.,@242148 Thank you for the confirmation. We have received your details. We would now investigate and connect with you at the earliest. ^KK,other_non_actionable,False,other_non_actionable,False,
9,@115850 is just awesome. They solve my problem in 1 hour and also give a amazon pay gift.  Thank you @115850 @115823,@773642 I'm glad that you are happy with our service. ^SF,other_non_actionable,False,other_non_actionable,False,
10,"@AmazonHelp What repeat , what about my loses? It’s more than ₹4000",@414841 here: https://t.co/beaaDm0muc. We'll check and get back to you at the earliest. 2/2 ^HS,other_non_actionable,False,customer_service_complaint,False,
11,@AmazonHelp Thanks. Do check also why its taking more than 15 days to fix this. Can you cnfm this is not a virus issue? We must info ppl to be careful.,"@306166 We've received your details, our team is currently working on this. You should receive an update soon. ^EM",other_non_actionable,True,account_security,True,
12,@AmazonHelp Yes I received an email saying it had been successfully changed but it still won’t work. I’ve tried logging into my other account and it works fine but for some reason this one won’t work?,@823221 I'm sorry about this Anna. Can you contact us here:  https://t.co/jzvkhdlrK5 so we can take a look for you? ^MI,other_non_actionable,False,account_security,False,
13,"@115850 guys, bluedart is RIP in my area, I had to delegate and be the vent box for 30 pissed employees before I could get my cable, and that's when I was apologized to and assured that you will take care, GUESS WHAT? didn't happen :| why you do this fam.",@688441 I'm sorry for the unpleasant experience with your recent order. Kindly share your details here: https://t.co/beaaDm0muc we'll look into it and reach out to you soon. ^AP,device_technical,False,order_delivery,False,
14,@AmazonHelp Where do I find this please? It got to the point where she was so unhelpful I cancelled my prime membership,"@648488 agent, were they able to relay your feedback? Also, what options did they offer? Let us know, we would love to help. (2/2) ^SA",subscription_prime,False,subscription_prime,False,
15,Como siempre al cien 👌👌 @116875 *-* https://t.co/fmALlAtxPF,@437916 🙀 Hiciste una compra increíble. ¿Ya empezaste el juego? ^LG,other_non_actionable,False,other_non_actionable,False,
16,@AmazonHelp チョコレート味だいすきです( ¯ᒡ̱¯ )و♡,@494147 これだけお買い求めいただいたので、しばらくはもつかと思いますが、またのご利用をお待ちしております！ RI,other_non_actionable,False,other_non_actionable,False,
17,Dejad de sacarme el dinero @116928 😂😂❤️ https://t.co/uJY9phF0mV,"@417580 Hiciste una compra increíble, Rubén 🤗 ¿Estás preparado para los Orígenes? ^LG",other_non_actionable,False,other_non_actionable,False,
18,"Estoy muy contento con @116928 y su velocidad de envío, productos que iban a llegar mañana y el jueves me llegan hoy.

No solo hay que publicar cuando estamos disconformes, excelente trabajo! #AmazonPrime 👏🏼👏🏼","@801096 Nos alegra saber que tu pedido llegó tan rápidamente. Cuéntanos, ¿qué compraste? ^AZ",subscription_prime,False,subscription_prime,False,
19,I can not believe how terrible @116090 has become. I will NOT be renewing #amazonprime. What a joke.,"@460824 Hey, Willy. Without disclosing personal information. Will you tell us more about what's going on? We'd be happy to help.^SK",subscription_prime,False,subscription_prime,False,
20,"@AmazonHelp Wait... you guys have it. Just that the first run of the app, asked me to enter my email/password. Found the easier way the second time.",@295899 We have still shared your feedback internally to explore easier options. Thank you. ^HK,account_security,True,account_security,True,
21,"@AmazonHelp Oui : report de la livraison à jeudi, sans motif. J’ai tenté de modifier mon lieu de livraison, bug sur le site, je rétablis mon adresse d’origine... livraison repoussée à samedi... et le service client n’est même pas en mesure de rétablir la date à jeudi 😡😡",@713404 La commande n'est toujours pas expédiée?,other_non_actionable,False,order_delivery,False,
22,@AmazonHelp It’s about 45 minutes to an hour away from me. Carrier is AMZL US,"@753985 Thanks for confirming, Eloy. A specialist would like to further look into this with you here: https://t.co/DTOM2jXMwn ^FD",other_non_actionable,False,order_delivery,False,
23,Hey @115821 ... I think a 12”x15” box for a single mechanical pencil is a bit much. https://t.co/FPjip9uUtu,@639882 We're always looking for ways to improve. Please let our Packing team know about this by following the steps listed here: https://t.co/4zqTmlFeDj ^RA,other_non_actionable,False,product_order_issue,False,
24,@AmazonHelp ペルソナ5のピアノ版サントラもオナシャス！！,@661253 お約束できず申し訳ございませんが、ご期待にそえる作品をご提供できるよう、今後も努めてまいります。 RI,other_non_actionable,False,other_non_actionable,False,
25,"@AmazonHelp It now says Monday but up until 30 mins/ an hour ago it said tomorrow
The emails say tomorrow
When I ordered it says tomorrow
I fully understand if you’re having transport issues but I should of been made aware at checkout that next day was not an option","@443315 If you do not receive your order by the newly appointed time, please let us know so we may look into this on your behalf. ^WM",order_delivery,True,order_delivery,True,
26,"@AmazonHelp After 2 days and hour long conversations each time with not much help from CS, we were able to log in and cancel the trial. I’ll go back to using my personal acct. this has been treacherous. I’m almost tempted to not use Amazon again to keep it from happening to me.",@808145 I'm so sorry about the poor experience. We are incredibly glad that it could be resolved for you. Please don't hesitate to reach out if you need further assistance. We are glad to help. ^BE,device_technical,False,subscription_prime,False,
27,アマゾンプライム会員になっちゃった,@798658 ご登録ありがとうございます！(*´∇｀*) Amazonプライムの特典は追加料金なしでご視聴いただける「プライム・ビデオ」など様々ございますので、ぜひご活用ください♪ https://t.co/qjaFIyMkEk  TN,other_non_actionable,False,other_non_actionable,False,
28,@AmazonHelp why can’t i get into my amazon account? It says my password is incorrect and i know it’s correct i changed it 3 times now,@392732 Please reach out to an Account Specialist. They can be reached by phone: 888-282-2406 or e-mail: https://t.co/sceYPBirA2 ^AF,account_security,True,account_security,True,
29,"@AmazonHelp I ordered one device and gifted it to my friend, I have to buy one for me so I requested another invitation. it's now about a month. I didn't get any notification specifying that you are eligible to buy it or not.",@399741 Request you to reach out to our support team here: https://t.co/TdDksLo6Mf and we'll look into this. ^MK,device_technical,False,product_order_issue,False,
30,Kaputt gebastelt von der IT @116316. 🤡 https://t.co/AOFCyKlFgG,@375444 Nobody's perfect 😅! Bei welchem Artikel ist das denn? ^AS,other_non_actionable,False,other_non_actionable,False,
31,"@115830 ❤️ that I can buy all my Christmas shopping in one, convenient place: Amazon! and your delivery drivers ruin it by leaving my goods outside in full view for ‘collection’ by peeps walking down my street! #notgoodenough","@226620 I'm sorry for the poor delivery experience! To confirm, have you already set up delivery preferences: https://t.co/6lAUHIsYyl? If so, please reach us by phone or chat so this can be looked into further: https://t.co/JzP7hlA23B ^MV",order_delivery,False,order_delivery,False,
32,"@AmazonHelp Placed order yesterday for in stock item, 2 day free prime shipping. Order email came, looked at it today said delivery on the 15th. Called CS, to ask why this happen since I gave a friend the link to the item and he ordered 3 hours later and his shipped last night. 1/2",@349279 I'm so sorry for this poor experience! The shipping address chosen at checkout could also have an impact on the delivery date as well as the shipping method chosen at checkout. What is the current delivery date showing for this order? https://t.co/Y5jpI9gRhE ^HS,order_delivery,False,order_delivery,False,
33,@115850 charged shipping charges inspite of invoice &amp; offer mentioning zero. Please refund. https://t.co/TwsCKBGq1N,"@224602 Please don't provide your order details, as we consider it to be personal information. Our Twitter page is public.​ ^EM",payment_billing,True,payment_billing,True,
34,@115830 where's the Arrow S5 box set on prime?,@366387 Thanks for reaching out. I found it here: https://t.co/bfLNgC8875 ^BH,subscription_prime,False,subscription_prime,False,
35,"@313536 @115821 Had I realized, I wouldn't have ordered....so yaaaaa","@312744 I'm sorry for the wait. We show the estimated delivery date for your order during checkout, before you place the order. ^MB",order_delivery,False,order_delivery,False,
36,"@AmazonHelp Yes, everything else streams fine. Just CBS is a problem.",@462368 Thanks for the info. Please contact us here so we can look into this with you in real time: https://t.co/EKXRLsnxJu ^GG,other_non_actionable,False,digital_content,False,
37,@AmazonHelp No date as it’s now out of stock with amazon so they said that it’ll either get dispatched when it’s back in stock or will be automatically cancelled if they cannot source more stock from the supplier.,"@227687 Please keep us informed about the outcome of this, Antony.^PJ",other_non_actionable,False,order_delivery,False,
38,@AmazonHelp Yes they are both third party sellers,"@357764 Since you are not being given the option to file an A-to-Z guarantee claim through your account, reaching out to us over chat or phone might be the way to go.  We can be reached here: https://t.co/hApLpMlfHN  Thank you! ^WB",other_non_actionable,False,other_non_actionable,False,
39,@122232 @115830 Maybe @AmazonHelp can help? Maybe? Anyone?,@758688 I'm sorry! We'd like a chance to look into this and review our available options. Please visit us here: https://t.co/JzP7hlA23B ^WT,other_non_actionable,False,other_non_actionable,False,
40,"Uhm, excuse me Amazon. Why is my copy of Ultra Sun/Moon saying it'll be here on Wed??? I have Prime??? Lol fml smh.","@135209 Hi, what date is advised on the order confirmation email? ^ES",subscription_prime,False,subscription_prime,False,
41,I’m a prime member and @115821 has been giving me SUCH a hard time with all of my orders this past month. I legit buy everything on amazon🙄,@554848 Sorry for the trouble. What seems to be going on? How can we help? ^RR,subscription_prime,False,subscription_prime,False,
42,@115850 Got a phone with some defects.Tried for exchange but neither you provide hand2hand exchange nor u provide a spare phone. WOW☹️ https://t.co/3AQ4VHDQcV,@391982 I understand the need a phone. May I know if you reported this to our support team here: https://t.co/vlvfJr4nN9? ^BS,device_technical,False,product_order_issue,False,
43,"@115830 Interesting. So you use Black Friday as an excuse to send out shoddy goods for marketplace sellers with no right to a replacement because it was a 'special offer'? Special offer or no special offer, I am entitled to a new item at the same price, yes?","@130468 Hello there! If you received a damaged or potentially low-quality item, we would love to help! However our return/refund/replacement policies address different scenarios, so we'll need a little more info. Was the order shipped by Amazon? Please let us know! ^JD",other_non_actionable,False,product_order_issue,False,
44,@AmazonHelp Need support from amazon for either replacement of order or refund.,"@432926 If an item is out of the return window, we would n't be able to take any action on the same. Appreciate your understanding.^CB",returns_refunds,False,returns_refunds,False,
45,@AmazonHelp I bought SOW gold Edition and i receive Code for Expansion Pass but apparently not.. literally it's another standard SOW Game,@192999 I understand your frustration! Have you contacted Xbox about the code: https://t.co/iYXa6g8dsI? Please keep us posted. ^KB,device_technical,False,product_order_issue,False,
46,"このサービスが年間4000円って
何かチョットおかしい気がするよね

#ありがたいけど
#心配になる
#amazon",@466366 Amazonプライムをご活用いただけているようで、ありがとうございます(*'ω'*) 今後ともよろしくお願いいたします！ EK,other_non_actionable,False,other_non_actionable,False,
47,"@AmazonHelp 45th today. 6 complaint mails, 3 calls, yet to get refund for ORDER # 171-0876267-3661905. Apparently, on 14th Oct you have lost tracking of the return shipment, in other words you lost it. &amp; Im waiting.","@466770 Please don't provide your order details, we consider it to be personal information. Our page is visible to the public. (2/2) ^SD",order_delivery,False,returns_refunds,True,
48,@AmazonHelp Bonjour. Je vous contact car je devais recevoir aujourd’hui deux colis (n° de suivi BH592412889FR) mais il me dit que c’est livrable maintenant entre le 29 - 4 decembre. Le pb chest que j pars en vacance le 3dec.. des infos sur la livraison? Merci...,"@817323 Bonsoir Jeremy, navrée d'apprendre cela. S'agit-il d'une commande expédiée par Amazon ou par un vendeur tiers ?",other_non_actionable,False,order_delivery,False,
49,"@AmazonHelp It was a multi purchase, and couldn't cancel one item- had to 📱",@219633 Did they advise you to return the item? ^JJ,other_non_actionable,False,product_order_issue,False,
50,@AmazonHelp すみません、Amazon prime会員なのですが「渇き。」を観たい場合はどうすれば良いですか？,"@761536 こちらの作品でしょうか。https://t.co/0PCshUnB1r
こちらはプライム・ビデオ対象作品ではなく、有料レンタルで視聴いただけるコンテンツです。こちらのヘルプページをご参照ください。https://t.co/qBKyVQ6wJs RI",subscription_prime,False,subscription_prime,False,
51,"@116928 hola ,necesito comunicarme con ustedes para solucionar un problema técnico","@720876 Hola Ischis, ¿podrías comentarnos más sobre lo que ha ocurrido sin publicar detalles de tu cuenta? ^DA",other_non_actionable,False,device_technical,False,
52,"Cute ad by @115821 for the Holiday season
https://t.co/9PoNhl17Uj",@431962 Glad you liked it Helene and I hope it gave you a little holiday cheer! 🎅🏻🎄🎁 ^KK,other_non_actionable,False,other_non_actionable,False,
53,"@AmazonHelp Bonjour Amazon ! J'ai normalement droit à un coupon réduc de 5€ sur ma prochaine commande si je me connecte sur l'appli. J'ai téléchargé le coupon il y a qques jrs, mais je ne le vois plus aujourd'hui pour passer ma commande. Help ?!","@145871 Bonjour, n'ayant pas accès à votre compte Amazon depuis Twitter vous pouvez contacter notre service client via le lien suivant : https://t.co/qzuu0dgDXz ^ME",device_technical,False,payment_billing,False,
54,"@AmazonHelp Nein, nein. Der Ring und das Symbol mit dem Mikrofon leuchten rot. Es hat aber niemand den Knopf gedrückt.","@404271 Klingt wirklich seltsam. Meld dich bitte, wie von ^DW geschrieben, bitte mal unter o.g. Link bei unseren Spezialisten. ^MF",other_non_actionable,False,device_technical,False,
55,@AmazonHelp Does not work.,@335710 You can find the available return and refund options here: https://t.co/nOBjqe1UZr ^SB,other_non_actionable,False,device_technical,False,
56,"Hey, @115830.

You can deliver me a book in literally hours.
So, when I cancel my subscription to Prime, how about you actually stop automatically trying to take the money every month? It shouldn't have to be something that needs RE-doing, once already cancelled.

Stop.",@237830 I'm sorry you're seeing another charge! Does the subscription show as canceled here: https://t.co/DFK57gHLgE ? ^DD,subscription_prime,False,subscription_prime,False,
57,"@120533 @132988 Bilan : la boîte est presque pas abîmée (le mot clé étant « presque »), juste (de quoi passer) un doigt. 👈👀
Le rembourrage papier censé empêcher la console de se balader dans le colis et protéger les coins n'était pas suffisant, il semble avoir glissé pendant le transport. 💥😢 https://t.co/UPp9zwqwOd","@530472 Bonjour, je suis désolée pour cela😓
Vous avez la possibilité d'évaluer l'emballage via: https://t.co/Kfvpoov9cD  ^FT",other_non_actionable,False,product_order_issue,False,
58,"@AmazonHelp It is a movie not a TV series...OK..if someone had been watching it,would appreciate notification before content is removed midway,thanks!!","@715655 We apologize for the inconvenience. Could you please tell us the name of the movie, so that we can look into it right away. ^RD",digital_content,False,digital_content,False,
59,"@AmazonHelp My tentative idea hw much more time do u need, it’s already 9 days &amp; Amazon is asking for more &amp; more time @115851 #GreatIndianFestival",@171591 We value your time. We will ensure to close the issue at the earliest. ^CB,other_non_actionable,False,customer_service_complaint,False,
60,#AmazonIndia i am unable to understand why would my package estimated for oen day delivery become a 5 day delivery episode??? I can't track,"@442180 Delivery estimates are based on multiple criteria. Visit this link: https://t.co/UCTZrHJf7I to know more. Also, please ^PB 1/2",order_delivery,False,order_delivery,False,
61,@AmazonHelp 神対応、本当にありがとうございます！！,@225814 とんでもないです。よろしくお願いします。 EK,other_non_actionable,False,other_non_actionable,False,
62,"@AmazonHelp There were other typos too, hope you get a good team of QA :)","@661266 Thank you for flagging the errors. As mentioned earlier, we've forwarded the details internally for a review. ^BV",other_non_actionable,False,other_non_actionable,False,
63,"I have return an item before 17 days @115850  but the status is still showing that order has dispatch. There is no change in status. And I contacted @115850  customer care but they tell me to wait for 3-5 days repeateadly.
#what the wrong with Amazon customer care 
@115821","@344626 Apologies for the issue with return pick up, please share your details here: https://t.co/U3J5c5u7YE we'll look into this for you. ^SU",returns_refunds,False,returns_refunds,True,
64,Hello @2600 ça va ? J'ai un souci avec une commande on passe en DM ?,"@793001 Bonsoir, je vous invite à initier la conversation en DM. ^MA",other_non_actionable,False,customer_service_complaint,False,
65,"Amazon商品誤配送で人生初返品手続き。
ふざけやがって",@277893 Amazonです。誤配送だったとのことで大変ご迷惑をおかけしております。お忙しいところお手数をおかけし申し訳ございませんが、返品のお手続きを何卒お願いいたします。SK,other_non_actionable,False,returns_refunds,False,
66,@AmazonHelp Amazes me how when I ask politely and try to have a normal dialog it doesn't work but the moment I raise my voice I get a response straight away.I simply wanted to know what your complaint process https://t.co/DClluX8d3Q to log it and when to expect resolution.,@227673 Again we are sorry for the frustration of this delivery. You can provide the details here to have our specialist look into the details:   https://t.co/YCN9JCouFe ^DJ,other_non_actionable,False,customer_service_complaint,False,
67,"@115850 I ordered a book called ""The Baker In The World'. It was suppose to arrive today. Later got a text saying couldn't arrive due to no payment. BUT NOBODY CAME HOME FIRSTLY TO DELIVER? WHY THIS TORTURE??","@131793 Sorry to know your order isn't delivered. We'd like to check your order status, please connect with our support team here: https://t.co/vlvfJr4nN9. ^NR",order_delivery,False,order_delivery,False,
68,"@AmazonHelp Can you remove my email address from order #204-1416984-2493927 and that person's associated Amazon UK account? It's an elderly man who gives people/companies my email address all the time, and I'm having a hard time stopping him.",@135825 Hello! This is an issue that requires accessing the account. We are unable to access any account via Twitter. Please contact us by phone or chat here: https://t.co/JzP7hlA23B Let us know if you need anything else! ^DA,order_delivery,False,account_security,True,
69,"99.9% of the time, being a Prime @115821 member is great. But don't ""guaranteed delivery"" on a certain date, and show ""arriving by 8pm today"" when the ORDER HASN'T EVEN FUCKING SHIPPED YET.","@277308 I'm sorry for the poor communication. If it doesn't arrive as promised, or for direct assistance, please reach us via phone or chat here: https://t.co/hApLpMlfHN ^JR",order_delivery,False,order_delivery,False,
70,Got sent this @115830 Black Friday deal earlier. It said there were 9 hours left so waited until I was home from work but the price has gone up to £211!!! Is this allowed?! #BlackFridayDeals @118374 https://t.co/eJKn7ziKaq,"@155505 I'm sorry for the trouble. Lightning Deals end when either the time has expired, or when all the items have been claimed. Learn more here: https://t.co/CceVJyhJ2O ^JM",other_non_actionable,False,payment_billing,False,
71,"@AmazonHelp UK consumer law states under distance selling rules I’m entitled to FULL refund of payment, returns costs if item is faulty! Just coz his registered office is in Jersey &amp; dispatches from Netherlands doesn’t mean he or amazon can circumvent my rights!",@262728 It would be best to reach out to us directly here: https://t.co/JzP7hlA23B and we can look into this further. ^PK,returns_refunds,False,returns_refunds,False,
72,なぜかKindleダウンロードできなくなった,@264059 失礼いたします、Amazon公式ヘルプアカウントです。　ご不便をおかけしております。Kindle本がダウンロードできないとのことでしょうか。よろしければ、ご利用環境やエラーの詳細をお伺いできますでしょうか？　SM,digital_content,False,digital_content,False,
73,@AmazonHelp Just to reply this you took one hour,"@216204 Please be assured, we are working on resolving the issue at the earliest. ^GS",other_non_actionable,False,customer_service_complaint,False,
74,"@AmazonHelp but to me that I was charged the same day and never received a refund of the purchase .. in conjunction with the 3 times I have called have not helped me and assist me in an unprofessional way, I do not think that is what which represents the company, please help me","@330901 Once an order ships, we charge the card for the order!  If it has not shipped, you may see an authorization. You can also respond to the e-mail sent at the end of your call which will send feedback directly to an agents' supervisor. ^DD",payment_billing,True,payment_billing,True,
75,"@AmazonHelp Yes, other commands are working fine","@273029 Thanks again!  For clarification, which Alexa-enabled device are you experiencing this on? ^AZ",other_non_actionable,False,device_technical,False,
76,@AmazonHelp Yea I did .. sadly the same bug always!!,"@214639 In that case, kindly connect with us here: https://t.co/vlvfJrlYEH and we'll get this checked for you. ^PB",other_non_actionable,False,device_technical,False,
77,"@AmazonHelp They refunded me the $5.99 for shipping, and the guy apologized and said that it would be here today, and I checked the tracking and it hasn’t even left the facility, and says it’ll be here by tomorrow.","@782575 Oh, no! I know how frustrating it can be when your package doesn't arrive when you expect it to. We want to ensure this arrives, so please keep us posted on the delivery. ^DG",order_delivery,False,order_delivery,False,
78,@AmazonHelp El producto es vendido x amazon el dia 15 d este mes y ademas d llegar con días d retraso ni siquiera va a la dirección correcta!,"@775970 Comprendo, Cheno. Para lograr revisar mejor la situación, te recomendamos que contactes directamente a nuestro departamento de Servicio al Cliente en el siguiente enlace: https://t.co/OjvUxwnzPe. ^AA",other_non_actionable,False,order_delivery,False,
79,"Half of my ‘Kindle’ screen has gone, I am 1/4 way through a book, what can I do??
@115830 ??",@226937 Hi Jim! Did you try the following steps:https://t.co/OKHJtlutp2.^CN,digital_content,False,device_technical,False,
80,@12154 @115850 Will the new TV show be available to Prime users in the US? or is this India only?,"@286368 We have not made an announcement yet, Aditya. Please stay tuned for an update on this. ^KS",subscription_prime,False,subscription_prime,False,
81,Not sure how having my @115830 delivery being dumped behind a bin constitutes being handed to resident? Last time I checked I don’t live in a bin or pay for #AmazonPrime for this. Wasted time knocking on neighbours doors looking for it as well. 😡,@696263 I'm sorry to hear you had to search for your parcel! We would like to record your feedback with you. Please reach us via phone or chat here: https://t.co/qy3J24VGxb ^JS,subscription_prime,False,order_delivery,False,
82,"Hi @115821, this is the third day in a row that I have received this message, I know Texas is big but seriously how hard is it to deliver 2 car stickers? My Prime membership is feeling pretty laughable at this point. https://t.co/xV1Jybwfr0","@120177 I am sorry to hear that, Aletta. What notifications do you get on the previous days the order was meant to be delivered? ^SM",subscription_prime,False,order_delivery,False,
83,"@116090 
I have a $300 order pending but for some reason you
say my credit card “doesn’t” match?? Strange it’s being accepted everywhere else with a very high
CRedit Limit. I spent 3hrs taking advantage of Cyber D
Help by giving me a no. to call or the Bezos phone no.","@386786 We're unable to access your account via Twitter, Patricia. At your convenience, contact us via phone or chat here: https://t.co/Q7Ftz6nj80 We'd be happy to assist with your order in real-time. ^SK",payment_billing,True,payment_billing,True,
84,"@AmazonHelp @130687 Por suerte para mi, no para el planeta, los 8kg y medio de papel de burbujas han hecho su trabajo. Tengo pasatiempos para rato. Pop.","@281025 Hola Sampru, nuevamente lamentamos todo inconveniente. Puedes entrar al siguiente enlace para poder dar valoración del embalaje: https://t.co/3GGTpWUi3j ^FZ",device_technical,True,product_order_issue,False,
85,@AmazonHelp Thanks for your  cooperation,@401820 We're glad to be of assistance to you. Please do keep us posted for any further queries. ^GS,other_non_actionable,False,other_non_actionable,False,
86,@115850 @AmazonHelp What is use of prime membership  when no support from yu regarding shipment updating and cancelling order...,@274554 I'm sorry to know the order has been canceled. I'd like to know what went wrong and assist you with it. Please share your details here: https://t.co/COKQVOEcoK and I'll get back to you.,subscription_prime,False,subscription_prime,False,
87,@AmazonHelp detail already provided to u in ur earlier same fix reply.,"@343710 As you've shared your details, we'll work on it and get back to you at the earliest. ^HN",other_non_actionable,False,other_non_actionable,False,
88,@AmazonHelp still my refund not credited. yesterday is the refund date but no credit. and i ask yesterday customare care they are told me go to nearest bank and tell the  reference number he will help you. what is this sir all your side misstake but all problem handle me only.. very bad sry?,"@119214 Apologies for the hassle. Please contact your bank customer service and dispute the transaction as 'refund not processed'. At that time, they will see a pending refund and will follow the path back to our payment processor to locate the refund.  ^SC",returns_refunds,False,returns_refunds,False,
89,"@115830 about the purpose of the toys: if you want to completely distract the child from music, buy a baby piano with a bad sound without the ability to connect to high-quality acoustics, without the possibility to turn on the library of sounds ... (about toys)? https://t.co/hXnFOlHiUx","@204573 Hello! We'd like to assist! Just to confirm, is the order you received not matching the description of what is listed on our website? ^TE",digital_content,False,product_order_issue,False,
90,@AmazonHelp I have the email.,@407433 Can you provided us with the seller? You can find that information here: https://t.co/Y5jpI9gRhE ^LS,other_non_actionable,False,other_non_actionable,False,
91,@AmazonHelp Will you refund courier chatges if i send it back?,@812637 I understand your concern. Kindly refer: https://t.co/ZaHwlU3hja for information regarding the refund of return shipping charges. ^MO,returns_refunds,False,returns_refunds,False,
92,"@120533 c’est ça votre emballage cadeau à 2,99€ ? Vous avez régressé sérieux 3€ pour un truc que je vais devoir refaire parce qu’il est moche et transparent, c’est du papier carton pour chaussures vous déconnez !!!?! https://t.co/igr56f7y4U","@132735 Bonjour, je suis désolé pour cela 😔 Sachez que vous pouvez soumettre une évaluation sur l'emballage via le lien suivant : https://t.co/yPgAjacwyh
Vous pouvez aussi le signaler à notre SAV via : https://t.co/hgIrz98cdI",other_non_actionable,False,product_order_issue,False,
93,アマゾンプライムにコウノドリの１期があったので流し見しよ～と思ったけど号泣しまくりでつらい朝,@533015 プライム・ビデオのご利用ありがとうございます。お腹の赤ちゃんと一緒に素敵な一日になりますように！SK,other_non_actionable,False,other_non_actionable,False,
94,"@AmazonHelp Initially amazon sent me a totally wrong item 

I raised a request for exchange, But in exchange, again they sent me wrong item 
First you sent me some other shoes and in exchange you sent me a shoes of different size.

This is really annoying","@143735 Certainly not the kind of experience we'd want you to have, Prithu. Could you please confirm, submitting your details using the link shared earlier? ^MK",product_order_issue,False,product_order_issue,False,
95,@AmazonHelp No se donde está,"@450796 Ramon, por este medio no contamos con acceso a tu cuenta. ¿Es gestionado por Amazon o por un vendedor externo? ^DA",other_non_actionable,False,order_delivery,False,
96,@AmazonHelp immer noch nichts ... was würde bushido tun?,@524526 Kannst dich gerne zur Prüfung hier melden: https://t.co/bZ6Syvy6b9 Würde Bushido bestimmt auch tun ;) Gruß ^TA,other_non_actionable,False,other_non_actionable,False,
97,@AmazonHelp I tried getting a call back...twice...it did not connect...there seems to be a problem...,"@171644 That's strange, Ashwin. In that case, request you to reach out to us through an email or chat for further assistance. ^NK",other_non_actionable,False,customer_service_complaint,False,
98,@AmazonHelp This was the last update before I called amazon customer service today and that's when I found out it was lost.  I would of appreciated being notified of a lost or missing package instead of waiting for a package that was never coming. https://t.co/4lK4C9GKm3,@744264 I understand where you're coming from and I'm sorry we let you down. Were we able to provide any options or information for you due to the loss of this package? We want to make sure you get taken care of! ^KJ,device_technical,False,order_delivery,False,
99,"@AmazonHelp I've been a loyal prime customer for years. Currently, I'm being given the run-around on the return of a $700 cookware set. I would really appreciate some help, as I'm furious at your customer service.","@230467 Hi, I am sorry to hear this. We can't view your account details on Twitter. Can you tell us a bit more about what you have been advised when you spoke with Customer Service? Was this item sold by Amazon or a seller?^BZ",returns_refunds,False,returns_refunds,False,
100,Hey @115850 - I keep getting this error on Amazon Now everytime I add a product to my cart. https://t.co/QM5yATrrJZ,@548829 I'm sorry about this. Kindly report this to our support team through the app and we'll be happy to assist. ^SH,other_non_actionable,False,device_technical,False,
101,"@AmazonHelp Se que son una excelente empresa, pero les falla en esto, en estas fechas es mejor o deshabilitar la opción de un día o de plano agregar una nota de que el pedido puede no llegar en la fecha promesa por la sobredemanda","@366347 ¡Hola, Dani! Lamento mucho los inconvenientes ¿ Tu pedido es vendido y gestionado por Amazon o es vendido por un vendedor externo? ^DS",other_non_actionable,False,order_delivery,False,
102,"@115850  My Keyboard  cover ( ORDER # 405-9026240-1774718)  had been delivered on 28th Sept. 2017. Since the product was undersized, I sent online request for return on 3rd Oct. 2017. NO ACTION HAD BEEN TAKEN . While tracking I found that Return window closed on 09-Oct-2017 !!!","@366442 Please don't provide your order details, as we consider it to be personal information. Our page is visible to the public. 3/3 ^PS",order_delivery,False,returns_refunds,False,
103,It's really Pathetic 2 order a product from @115850 really a 3rd class service from you guys.u don't hav sense or urgency for cust service,"@353582 here: https://t.co/2t6DQoUmNZ, we'll look into it and get back to you soon. 2/2 ^AP",order_delivery,False,customer_service_complaint,False,
104,"FIT1000 code expired but @115850 still advertising...
@180892 
Pls check and confirm if code is valid? https://t.co/6dYIhQlfYW",@389868 Could you tell us more about the promo code you are referring to? ^HA,other_non_actionable,False,payment_billing,False,
105,@123813 Se encuentra disponible con Android TV?,"@270745 Hola, Hugo. Puedes verificar los dispositivos compatibles en este enlace: https://t.co/4hKt0TIHcq ^VL",other_non_actionable,False,device_technical,False,
106,@AmazonHelp how long does it take for an order cancellation to process?,"@817066 Great question! Generally, if an order hasn't begun processing, the request to cancel will go through instantly. However, if the order has begun processing, it may be unable to cancel. Additional information can be found here: https://t.co/WjO4hum5pP ^SK",order_delivery,False,order_delivery,False,
107,"@AmazonHelp Yeah it was expected 6th-9th and still isn’t here, I ordered it on the 1st",@623661 I'm sorry it hasn't arrived. Please reach out to us here: https://t.co/JzP7hlA23B so we can look into this with you. ^AH,order_delivery,False,order_delivery,False,
108,"@115850 @115821 #Theif #stealer #Robber Without any notice, how you guys can close customer account without notice and confirmation. #amazonprime #fraud
#CustomerCareAmazon #ridiculous",@689759 That's unusual. Has this been reported to our support team yet? ^MK,subscription_prime,True,account_security,True,
109,"@115821 why the fuck does your video quality fluctuate from amazing to a piece of shit every few seconds? My internet is fast as fuck. This is an Amazon Service problem. I wanna watch The Wire, dammit.",@253570 I'm sorry for this issue with streaming. Have you tried restarting the device you're using and your network to refresh the connection between the two?^DO,digital_content,False,digital_content,False,
110,@115830 Please look into Your packaging services.,@524865 We want to improve for future deliveries. Our packaging team would like to further review here: https://t.co/ZDiyglW24p ^FD,other_non_actionable,False,product_order_issue,False,
111,@115833 just set up a new Echo. Have access to contacts and places a call. People on other end of call can’t hear me but I can hear them. Help!,"@672566 Hi, Dan! For clarification, are you attempting to make Alexa-to-Alexa calls or outgoing calls to a landline or mobile? Some additional information on making calls from a compatible Echo device can be found here: https://t.co/RaDDPPxVoT ^AZ",device_technical,False,device_technical,False,
112,@AmazonHelp I don’t think I have even received one yet.,@263088 Please contact us via phone or chat here: https://t.co/hApLpMlfHN and we'll look into this for you. ^RL,other_non_actionable,False,order_delivery,False,
113,@116928 hola pueden ayudarme x mensaje porfa? tengo un problema,"@792297 ¡Hola! Puedes realizar tu consulta por Mensaje Directo, si lo prefieres. Recuerda no compartir información personal o de tu cuenta. Saludos. ^CR https://t.co/1XyLaGkcaN",other_non_actionable,False,customer_service_complaint,False,
114,@115823 Our account was suspended for no logical reason. No response from you in days despite repeated requests for help.,"@300938 Hey, sorry to hear about the trouble! W/o providing personal or acct specific info, can you tell us more? ^LB",customer_service_complaint,False,customer_service_complaint,False,
115,@AmazonHelp Already done. Same old answer. No solution. Do you have any sort of accountability left in you guys?,@168211 Kindly revert to the same for further assistance. (2/2) ^VM,other_non_actionable,False,other_non_actionable,False,
116,@AmazonHelp Isn't there a way to hide the shopping cart side bar on the website???,@717292 We'd like to help! Are you viewing Amazon by using the mobile shopping app or a web browser? ^AC,other_non_actionable,False,other_non_actionable,False,
117,"@AmazonHelp It says ""pending verification""",@335074 Please reach out to us here: https://t.co/hApLpMlfHN ^RR,other_non_actionable,False,account_security,False,
118,@AmazonHelp The guy on the email said he will process a special case refund and not to worry. Amazon took 111.42 from my account on 11/8 i suspect they will take 111.99 sometime in order to fully charge the 223.41 of the GC.,"@641747 Just to clarify Luis, when you reached out to us, did CS say they refunded all of it or just partial? ^JP",payment_billing,True,payment_billing,True,
119,"@AmazonHelp I have done the suggested steps on the Amazon Page itself ..  Left the Feedback, what else is required?","@192222 Have you contacted our support team for the issue you're facing? If not, please do so from the link provided earlier. ^HA",other_non_actionable,False,other_non_actionable,False,
120,"@115821 @116935 this is the 4th vinyl album I received that is warped! What’s going on in the warehouses and/or shipping? It’s frustrating to have to constantly return. You have a great return policy, but the time is the frustrating part.","@238166 I'm sorry your vinyl arrived in that condition! Please reach us by phone here: https://t.co/hApLpMlfHN, to escalate packaging feedback, and look at available options. ^JM",returns_refunds,False,returns_refunds,False,
121,@115830 why have I been charged delivery on a free delivery item.  So annoyed. Can't find way to message you,@389112 You can get a hold of us so we can take a closer look here: https://t.co/JzP7hlA23B ^MJ,payment_billing,True,payment_billing,True,
122,@123813 Ya contrate el año. Pero su aplicacion para smarTV Samsung se atora a cada rato y tengo que reiniciarla al terminar los capitulos de mi serie. Y aun no tienen cannal en Rocku Mexico. Ojalá mejoren esos aspectos,"@401902 Hola Aldo. Esperamos que te encuentres muy bien. Gracias informarnos lo sucedido. ¿Ya lo has reportado con Soporte al Cliente?  En caso de que no sea así, puedes hacerlo acá: https://t.co/XrMDSgEmbN 

^DB",other_non_actionable,False,device_technical,False,
123,@AmazonHelp yes but did not get any reply,"@219487 If you've contacted our support team over email, you'll soon receive a correspondence to your registered account. ^MA",other_non_actionable,False,other_non_actionable,False,
124,@115821 Dear Sir Someone calling me informing that I have wing raffle and need to Pay RS 6500 for proceeding the prize. Bank details shared with me. Called amazon but response poor. I am willing to support Amazon in nabbing this gang,"@685631 We do not have any promotions as such, Dinesh. Request you to please follow our website for any deals and offers.^SF",customer_service_complaint,False,account_security,True,
125,"@AmazonHelp いやですね、返品完了って出てるのですがカード履歴を昨日見たところ返金されたらしき痕跡が見られなかったので。
で、今回は返品完了のメールが来てから4日経ってるのでさすがに？ という訳です",@266948 ご心配をお掛けしております。ご案内した方法でも返金が確認できない場合は、該当の注文など詳細を確認した上でご案内させていただきますので、誠に恐れ入りますが、リンクよりカスタマーサービスにお問い合わせください。https://t.co/J6YEizo6qC TN,other_non_actionable,False,returns_refunds,False,
126,@AmazonHelp Can i get someone who isn’t useless please. I want my money back,"@300631 Hi,. please try this link to get through: https://t.co/zH8UlhTGcc. ^AT",returns_refunds,False,returns_refunds,False,
127,@AmazonHelp It is. In fact there is only 2 more left https://t.co/f3Bbu1JSLc,@623662 Thanks for confirming! We'd like to provide further insight on how our delivery dates are calculated: https://t.co/qaOzEJcO2e ^FD,other_non_actionable,False,other_non_actionable,False,
128,@AmazonHelp I talked to your Indian customer support representative and he said that he is not able to find contact number of seller. Do you really verify sellers before registering? I'm unable to claim my warranty for order of crossbeats headphone as it stopped workng in 5 mnths,"@255669 Sorry to know about the trouble you're facing in claiming the warranty. We'd like to have this checked, kindly drop in your details here: https://t.co/beaaDm0muc and we'll reach out to you at the earliest. ^EM",customer_service_complaint,True,customer_service_complaint,True,
129,@AmazonHelp nobody attempted to deliver this and it was a prime order. Why am I paying for membership when you don't deliver?! #badservice https://t.co/x9CJBSGLQ2,@463026 I understand your frustration! Have you contacted us about the delay: https://t.co/JzP7hlA23B? What options were given? ^KB,subscription_prime,False,order_delivery,False,
130,"@AmazonHelp How do you rank that solution to be best?
I need email is of some one responsible. Your email is simply a copy paste job. I have been raising complain since 01 November but that doesn't ring a bell in you ears. Post Numerous phone calls and emails you are telling that no return","@241603 As the return window for the product has expired we request you to contact the manufacturer. Please proceed as per the resolution provided in the email. For further assistance, please reply to the correspondence. ^AH",returns_refunds,False,customer_service_complaint,False,
131,@AmazonHelp you have let me down bigtime. Message sent.,@453673 Sorry to hear that. Have you spoken to someone over the phone? ^RS,other_non_actionable,False,other_non_actionable,False,
132,@AmazonHelp a purchase of 7.98 has come out of my account that I didn't make? Help please,@215407 Hi Laura- Had you placed any orders with us recently? Have you any subscriptions active with us right now? ^NV,other_non_actionable,False,payment_billing,True,
133,@129773 Why isn't #WonderWoman available as part of my @129773 account as are so many films are available on Lovefilm DVD but not via Prime?,"@493464 Hey Paul, what do you mean not available? ^RS",subscription_prime,False,subscription_prime,False,
134,"@AmazonHelp Reaching out to you via chat was precisely what I did. Although I did manage to get a ticket created, that was only after ~30min persuading someone to do so, while they were trying to convince me to call your support in the US, as I mentioned.

Let's hope I'll be helped!
-Paulo","@707249 I understand. Thank you for confirming, Paulo! Please keep us posted on the issue. We want to ensure this is fully resolved for you! ^SD",customer_service_complaint,False,customer_service_complaint,False,
135,@AmazonHelp @115850 @AmazonHelp kindly look into the issue I have raised with respect to my mother’s account as well. The same issue exists of redemption of gift card. Multiple times raised an issue but no resolution. Look into that as well,@662708 I'm sorry to know that the issue persists with your mother's account. Kindly drop in your mom's account details here: https://t.co/beaaDm0muc &amp; we'll have this checked right away. ^EM,other_non_actionable,True,payment_billing,True,
136,"@145529 969260892, product till not delived, worst experience from @145529 &amp; @115850",@402403 I'm sorry for the disappointment in delivering this order. Write to us here: https://t.co/GIJyeYqKE0 &amp; we'll take necessary actions to make things right.^MJ,other_non_actionable,False,order_delivery,False,
137,"@AmazonHelp I got mail from you, I surprised with your system/management!!!. They didn't find my query. I got this message from Amazon on 7th Oct 2017 ""Your Amazon.in order (#406-2033839-8995520) has been dispatched. Estimated delivery: Thursday, October 12. https://t.co/v30kra4gE3""","@526003 Could you please confirm if you've sent an email to us from the account used to place the order. Also, Please don't provide your order details, we consider it to be personal information. Our page is visible to the public. ^SU",order_delivery,False,order_delivery,False,
138,"@116618 , Why are the episodes unavailable? https://t.co/hC1mjyz3Ob",@198884 you know when these episodes are back. We’re really sorry for the inconvenience caused. 2/2 ^SH,other_non_actionable,False,digital_content,False,
139,@AmazonHelp @115850 this charger is for OnePlus one my phone is one plus 5t and why don't u understand that one plus original charger is useful only because it has 4 amphere supply while other charger have 2.1 Amp supply,@632376 You might want to look for the OnePlus charger here: https://t.co/9DGa1yBmdG. This is an original charger as it is from the OnePlus storefront. You may check on the storefront by OnePlus here: https://t.co/shqUEGk2jx. ^KS,payment_billing,True,product_order_issue,True,
140,@AmazonHelp There was no reason given! Order number is 114-0528110-0291469,@209467 Thanks for letting us know! We'd like to take a closer look! Please give us a call or chat here: https://t.co/hApLpMlfHN ^TG,order_delivery,False,order_delivery,False,
141,"@AmazonHelp no, i use another website",@485228 What Amazon website do you use? ^JJ,other_non_actionable,False,other_non_actionable,False,
142,#Amazon-Alexa ist Gard angekommen 🤔😉,@815184 Dann befrei die mal schnell aus ihrer Verpackung ;) ^AN,device_technical,False,device_technical,False,
143,@AmazonHelp Management of what? What is HR?,@132434 Are you trying to collect an item from an Amazon Hub?^PJ,other_non_actionable,False,other_non_actionable,False,
144,@AmazonHelp I’m a prime member I ordered two products $99 each in Canada while I’m here at our cottage but they want to charge me $60 to return ??? Gonna cancel my membership if this doesn’t get fixed @115821 @123644,@811517 Hello! Is the item sold by directly by Amazon or a seller? What is the reason for return? Keep us posted!^CN,subscription_prime,False,returns_refunds,False,
145,時間に追われてアマゾンプライマーになってしまった,@800220 リプライ失礼いたします、Amazon公式です。プライムにご登録いただきありがとうございます🙇　お届け予定日やその他ご注文に関する状況は、注文履歴に記載されておりますので、よろしければ以下リンクよりご覧くださいませ。https://t.co/X4jnWeXXoL HM,other_non_actionable,False,other_non_actionable,False,
146,@115830 do I honestly have to send broken bulbs that arrived to me today back to you to get a replacement? Seems like a waste of resources https://t.co/vUCSJ8HZ1j,"@177808 Hi Matthew, sorry your bulbs arrived damaged! Broken glass shouldn't be returned. Please call us: https://t.co/xrL0wCOFJC ^BT",product_order_issue,False,product_order_issue,False,
147,"@AmazonHelp in real world why so much delay ? 

that is why you guys do fail the transaction at your end. #ThreeTimeFaild https://t.co/IncuXCt7ON",@324993 Apologies for the inconvenience. Have you tried reporting this to our support team here: https://t.co/2t6DQoUmNZ ? ^AB,other_non_actionable,False,payment_billing,False,
148,"@AmazonHelp Just watched your delivery person throw one of my packages out of his truck into the street, and then the rest out of his hand onto the sidewalk unattended.",@806012 I'm so sorry your order was delivered this way! Is anything damaged? Who was the carrier of the order: https://t.co/Y5jpI9gRhE ? ^DD,order_delivery,False,order_delivery,False,
149,クレジットがどうとかよりAmazonプライムがクレジット以外で払えるようになればええわ,@718373 先日から携帯決済（au、docomo）でもご利用いただけるようになりました。ご状況に応じてご検討ください→https://t.co/9lia1bUCGR SK,other_non_actionable,False,other_non_actionable,False,
150,Amazonプライム無料会員登録したから30日間で仮面ライダー見まくるぞ～～～！！,@704099 プライム無料体験をお試しいただき、ありがとうございます！期間中見まくっちゃってくださいね♪ RI,other_non_actionable,False,other_non_actionable,False,
151,i'll keep you updated,@796057 I hope your receive your order soon! Let us know if anything happens. ^JP,other_non_actionable,False,other_non_actionable,False,
152,@AmazonHelp Honestly your going with that 😂😂😂😂,@130690 If there isn't an update there then please reach out to us directly so that we can look into this for your. You can do this by clicking on the following link:  https://t.co/JzP7hlA23B ^KI,other_non_actionable,False,other_non_actionable,False,
153,Just ordered an @115821 Prime/ @115833 exclusive purchase. The future of retail is amazing.,@224592 Glad to see that you are welcoming the future! Hope you enjoy your items! ^LS,subscription_prime,False,subscription_prime,False,
154,@AmazonHelp I can't even imagine how brainless Bimbo you guys are if they are shipped as per delivery date how the hell was the order whose delivery date is farther than the previous Order got dispatched earlier but the previous Order is not dispatched yet,"@736641 I understand your urgency, Shashank. As mentioned earlier, delivery dates are given taking a lot of factors into consideration. Please let us know if we've missed out on the delivery date. ^JC",order_delivery,False,order_delivery,False,
155,@117086 ja faz mais de um mes que eu comprei na pre venda gente queria muito saber pq que demora meses pra gente ter o lançamento nas mãos,"@630063 Olá vi. No momento que o produto em pre-venda estiver disponível, você vai receber um email com a confirmação do pedido. ^JJ",other_non_actionable,False,order_delivery,False,
156,"@AmazonHelp Just on going monthly charge that has ZERO description just says ""Amazon Prime, Shipping &amp; Tax"" &amp; NO ONE can tell me what it is 4. I am on a yearly payment 4 Prime. Only answer given was that it was 4 Prime Shipping. I thought that was included in my yearly subscription.","@701559 We're unable to access your account via Twitter. Were we able to locate the charge on your Amazon account? If not, is it possible you have a different account or that a family member may have an account with your payment? We'd be happy to help in any way possible! ^SK",payment_billing,True,payment_billing,True,
157,@AmazonHelp Every time I'm told that my query has been escalated and will be resolved. 9 hrs ago I was told that I will get a back call in 30 mins,@373007 Sorry to know about your experience. Please share your details here: https://t.co/GIJyeYqKE0 I'll reach and assist. ^SV,order_delivery,False,customer_service_complaint,False,
158,"@AmazonHelp よく利用させていただいてます‼︎
最近はアプリを使うと
すぐにも検索、注文ができて
有り難いです☺️",@180445 ありがとうございます！アプリもご活用いただいているとのことでとってもうれしいです！！今後ともどうぞよろしくお願いいたします☺️✨ SK,other_non_actionable,False,other_non_actionable,False,
159,"@AmazonHelp No sé cómo podéis trabajar con una empresa así, pues no cumplen los plazos de entrega y se ríen del cliente. Vais a perder muchos clientes de mi zona por su culpa.","@313574 En este tipo de situación es muy importante reportar lo sucedido directamente con nuestro departamento de Soporte al Cliente, así ellos podrán investigar lo ocurrido, agradezco tu feedback, será enviado para nuestro departamento interno responsable. ^VM",other_non_actionable,False,order_delivery,False,
160,Hey @AmazonHelp @116316 ich tippe mal das das ein FAKE ist? https://t.co/IJieSetQ5v,"@256167 Richtig, die E-Mail stammt nicht von uns. Am besten keinen Link im Schreiben anklicken. Tipps über die sichere Identifizierung von Amazon E-Mails findest du gleich hier: https://t.co/JdaR6FCJKc ^DS",other_non_actionable,False,other_non_actionable,False,
161,@AmazonHelp Maginaaaa tamo junto! Sapiens do Yuval Noah Harari,@806770 Que legal Ana! Você já começou a leitura amiga? ^JJ,other_non_actionable,False,other_non_actionable,False,
162,"Umm excuse me @115821, how am i supposed to place my daily order?! 🤷🏼‍♀️🤷🏼‍♀️🤷🏼‍♀️😩😩😩 https://t.co/rSY51Nq24p",@681977 Oh no! I'm sorry you're having trouble with the Amazon app! Have you tried closing the app and resetting your mobile device? ^JS,order_delivery,False,order_delivery,False,
163,@115821 for such a large profitable company the customer service is lacking,@513307 I'm sorry to hear you had a poor experience. Without giving account or order details can you tell us what happened? ^AN,customer_service_complaint,False,customer_service_complaint,False,
164,@AmazonHelp A new laptop is number one on my list and then I might treat myself to an echo!,@243982 They are some great choices! 😊 ^ES,device_technical,False,product_order_issue,False,
165,"Hey @AmazonHelp yesterday and today when I’ve tried to log in or reset my password the website says I don’t have an account and I definitely do. And when I try to go to customer support I have to log in to get there, which if I could do I wouldn’t have to go to customer support.","@801101 Hi Becca, I'm sorry to hear this. If you can't get into your account to contact us direct you can use this link where you will not need to login  https://t.co/zYVX1Qi29G for UK /  https://t.co/jzvkhdlrK5 for US ^KK",account_security,True,account_security,True,
166,"@AmazonHelp I keep cancelling it but you keep taking the money the next month again, again and again... Can this be stopped?","@694828 That's odd! Once you've canceled your Prime membership, you should no longer see a charge. Do the Prime membership charges happen after you've placed an order? Which dispatch option are you choosing? Please let us know, Jonathan! ^FD",other_non_actionable,False,subscription_prime,False,
167,@123813 Puedo comprar dispositivo p verlas en la tv?,"@683315 Hola Lucy. Claro que puedes, en el siguiente enlace puedes ver todos los dispositivos compatibles con Prime Video: https://t.co/iUSao2jMJ1

Cualquier consulta adicional solo háznoslo saber.

-Hazel C",other_non_actionable,False,device_technical,False,
168,"@115850 ஆபர்னு விலை கமிபண்ணுவாங்க, நீ என்ன அதிகம் பண்ணிருக்க?",@158449 I was not able to comprehend your query. Kindly elaborate and we'll look into it. ^AK,other_non_actionable,False,other_non_actionable,False,
169,"@AmazonHelp 5 mal mindestens, ohne Stellungnahme des Fahrer oder der verantwortlichen Dispo tut soch wohl nichts. Sind arogante Fahrer, man merkt direkt dass die im Auftrag von @124285 fahren aber nicht dort direkt sind. Direkte Fahrer kommen am Tage, dass läuft suppi.","@724988 Wenn du magst, kannst du dich mal über diesen Link direkt bei uns im Team melden und wir geben das nochmal gesammelt weiter: https://t.co/cUDnC8mjd7 Liebe Grüße ^AN",other_non_actionable,False,order_delivery,False,
170,"@AmazonHelp I am being charged twice for the same book rental,what do i need to do to fix this?","@238165 Apologies - is this for a Textbook Rental ? If so, please check here: https://t.co/vjvwjGhGa8  ^TD",payment_billing,True,payment_billing,True,
171,"@119356 @115821 @AmazonHelp. They charged me extra amount see photos, now I want refund and compensation for the same from Amazon. Respond https://t.co/U4dDAOLBJP","@513980 Also, please don't provide screenshots, they contain your personal information. Our Twitter page is visible to public.2/2 ^SK",payment_billing,True,payment_billing,True,
172,@115821 That the subscription is cancelled successfully,"@199061 Sorry to hear that, did you contact us by phone? ^JJ",subscription_prime,False,subscription_prime,False,
173,"@AmazonHelp YES i reported this last time, given no options, given a refund. Clearly these couriers still in use.  WAs home ALL day - FedEX, UPS, and USPS all delivered. Only YOUR courier ""attempted"" delivery and couldnt deliver towels, straws, and gravy strainer- no items that needed sig",@115848 We'd like to review this with you further. Please provide more information regarding the delivery here: https://t.co/AOCLBqTc3P ^QJ,order_delivery,False,order_delivery,False,
174,"勝手にAmazonプライムスチューデントの年会費支払われてて困る
今金ないんだよ","@400681 ご不便をおかけしております。有料会員へ更新後に特典のご利用が無い場合は、キャンセル・返金が可能です。キャンセル方法については、以下のヘルプページをご参照ください。 
https://t.co/813rNkNAzg YM",other_non_actionable,False,subscription_prime,True,
175,"@115851 @AmazonHelp @115850 @115851 IS THERE ANY MORAL VALUE LEFT WITH YOU???
WHY THERE IS NO ACTION ON MY COMPLAINT TILL NOW EVEN AFTER SENDING MANY EMAILS TO YOU, amazon india customer support and top management.

A BIG SHAME!!!","@147113 I understand you had an unpleasant experience, Bhawesh. Could you please let us know what went wrong? We’ll fix it for you. ^SY",customer_service_complaint,False,customer_service_complaint,False,
176,@117086 Mind Hunter  de David Fincher,@238198 Olá Claudio! Esses detetives da FBI são muito expertos! ^JJ,other_non_actionable,False,other_non_actionable,False,
177,@AmazonHelp Still doing it https://t.co/j96P6nI3yU,"@477428 Hey, Bobby! In this case it would be best for us to help you directly. Please reach out here: https://t.co/hApLpMlfHN ^LA",other_non_actionable,False,other_non_actionable,False,
178,"@AmazonHelp Hi, after leaving me on D phone on hold 4 over 20 minutes, she dropped the my call &amp; never bothered to return to let me know but insisted my delivery will come by 9pm last night even though I repeated “nobody delivers round here at that time”!! Really upset about her attitude","@132436 I am sorry to hear about this, Fatima. What day was your order scheduled to be delivered? Has the tracking on your order been updated?^SM",returns_refunds,False,customer_service_complaint,False,
179,@AmazonHelp I try every step under call Customer service. But every time call ended your side.,@739511 I get your concern. You would be able to take a print out of the invoice here: https://t.co/kEFuVVy3yM. Do keep us posted for further assistance. ^MN,customer_service_complaint,False,customer_service_complaint,False,
180,"@AmazonHelp I called the number you gave me Monday, they put my claim through and said I would have an email in 24 hours, it is now well past that and I’ve had no contact since. To clarify, my house is still damaged, I still have half a letter box and amazon haven’t done anything https://t.co/aT2byOV1gY","@139820 Just to confirm, which carrier is listed as delivering your order here: https://t.co/aaDyEz1VgE? Have you had a chance to contact back by phone for an update? If so, what insight was given? ^LI",product_order_issue,False,customer_service_complaint,True,
181,Is it just me or has @115850 been shitty for everyone off late? https://t.co/u2aVvJBEHM,"@414505 Also, please don't provide your order details as its personal info. Our Twitter page is visible to the public. 2/2 ^AB",order_delivery,False,customer_service_complaint,False,
182,@AmazonHelp ありがとうございました！友人にきいたら詳しく教えてくれ、無事にお支払い番号お知らせメールがきました！,@384095 確認ができたとのことで安心いたしました。今後ともどうぞよろしくお願いいたします。SK,other_non_actionable,False,other_non_actionable,False,
183,"@169994 So, this was delicious! Is this something that will be available in the future or somewhere else? Must. have.","@286674 Hi there! You can sign up for text notifications, so you'll know next time it's in your area here: https://t.co/mL4KVj7qXV ^JM",other_non_actionable,False,product_order_issue,False,
184,"So, I have multiple @115821 Echos and @115888 Premium for Family. Being able to play music from multiple Spotify accounts to multiple Echos at once seems like a pretty basic requirement. Why can't I do this? Tempted to ditch the Echos for @122986 Homes @AmazonHelp","@236515 We'd like to look into this with you. At your convenience, please reach us via phone or chat here: https://t.co/oGDklGgbCZ ^SJ",digital_content,False,digital_content,False,
185,"@147807 
I'm a Amazon India prime seller. I need help",@384512 Please connect with our support team here: https://t.co/fGkjrBCGjx for assistance. ^RW,subscription_prime,False,customer_service_complaint,False,
186,@AmazonHelp Had to buy the audio bit again. Weird. Also very confused by the audible v kindle options. Kindle audio SO much cheaper!,"@191315 Sorry to hear that, could you contact us here: https://t.co/JzP7hlA23B we'd hate for you to have double paid ^AS",digital_content,False,digital_content,False,
187,.@AmazonHelp where’s Thursday night football tonight?? I know it’s #BillsVJets but still. It’s the principle.,@461832 We're not streaming tonight. Our Thursday Night schedule is available here: https://t.co/eVQs69tMlA Tune in next week! ^SJ,other_non_actionable,False,other_non_actionable,False,
188,@12393 An update a few months ago has meant I can't buy anything on the Kindle itself. Everytime I try it tells me it is updating &amp; then refuses to recognise the WiFi. &amp; Yes I'm turning it on and off.,@738975 I'm sorry to hear this Janet. I think we need to look into this further but can't check this over Twitter. Please use the link here to contact us directly https://t.co/aaDyEz1VgE ^KK,device_technical,False,device_technical,False,
189,@AmazonHelp They said all Prime membership types except for invitees and members who get their benefits via an Amazon Household are eligible. Nonsense.,@297937 You're only able to create one Twitch account per Prime Membership even if the benefits are shared. ^ZW,subscription_prime,False,subscription_prime,False,
190,"@AmazonHelp Please explain why as a Prime member, 2 day shipping on items is shipped UPS ground? Further explain why even when I paid extra for overnight it was shipped UPS ground? This happens all the time.",@136273 Oh no! Did we miss the delivery date listed here:  https://t.co/Y5jpI9gRhE ? ^TL,subscription_prime,False,order_delivery,False,
191,@AmazonHelp Done what happens now?,@564017 Thanks for confirming that the details have been shared. Our team will give it a look and reply accordingly. ^AB,device_technical,False,device_technical,False,
192,@AmazonHelp How will you help me now ?,@313942 Have you reported this to our support team? You can do so here: https://t.co/HQhpS2qeEd ^MS,other_non_actionable,False,customer_service_complaint,False,
193,All I want is a full refund in my account for something that I am returning (Unopened package) @AmazonHelp I've done it before &amp; the rep is just going on about giving me hard time on a Full refund. I shouldn't have to sit here for this long.,@763723 Has the package already been returned to our facility? ^BT,returns_refunds,False,returns_refunds,False,
194,"アマゾンファイアスティック、ふつうにヤバい発明じゃないですかね…
エウレカ見てたら一日終わるんですけど","@504457 |ω・)
Fire TV Stickのご利用ありがとうございます(＾◇＾)
お楽しみいただけているようで、何よりです！
 色々なコンテンツをご準備しておりますので、引き続きお楽しみください♪TY",other_non_actionable,False,other_non_actionable,False,
195,"@AmazonHelp Yes, been around this loop several times now with junk/spam, only email received had a number of suspicious errors (all documented to you), and advised not to follow the instructions.

Only 'feedback' has been 'we will be in touch' for &gt;2 weeks.

So when should I give up?","@158252 Apologies, please fill in this form: https://t.co/tkLCr7DNil so a member of our team can look into this for you. ^JJ",other_non_actionable,False,account_security,True,
196,@119625 @90949 Any new movies sir?,@127577 We'll continue to keep on adding new content. Kindly stay tuned. ^PS,digital_content,False,digital_content,False,
197,@115850 where is this No cost option? https://t.co/6BCpHOQAoA,@797904 Please reach out to support team here: https://t.co/spiYB2EUon and we'll be happy to help. ^SH,other_non_actionable,False,payment_billing,False,
198,When I call @115850 they say the offer on prime is for two more days but on app it shows different ! https://t.co/6Xht0RsPDz,@303022 is 30th October which is also been clearly stated in our amazon app as well. 2/2 ^HS,subscription_prime,False,subscription_prime,False,
199,"@AmazonHelp こちらこそ、不適切な表現で申し訳ございませんでした。
正しい手順と表現で改めて意見させていただきます。",@665456 とんでもないことです。お手数をおかけいたしますが、よろしくお願いいたします。 RI,other_non_actionable,False,other_non_actionable,False,
200,きめた！！Kindle fire買う！もう、論文の束とか、本の束とか、あれで読んでやる！！,@504287 こんにちは、Amazonです。Fireタブレットについて万が一ご不明な点がありましたら、いつでもご連絡ください🙏 YM,digital_content,False,product_order_issue,False,
