sample_id,customer_text,retrieved_customer_text,retrieved_brand_response,similarity
1,"@AmazonHelp Hi,ich habe ein Problem mit meinen geliehenen Amazon Video Filmen. Wo kann ich mich für Hilfestellungen hinwenden?",@AmazonHelp ich habe ein Problem mit einem Headset das ich im September 16 bestellt habe und im Dezember schon ausgetauscht wurde,"@199023 Hi, dann melde dich doch bitte gleich bei meinen Kollegen: https://t.co/24XL9C4y1x Grüße ^AK",0.35071554945912664
2,@115821 Based on my late packages you’re not actually shipping things....,@AmazonHelp Great so you’re not actually customer service ! 🙄,@486252 us using the link provided earlier so that we can help you further. (2/2) ^SS,0.33874341984459255
3,Hey @115830 why are you telling someone they can keep the phone I sold them after I already refunded the money? So your policy says they can keep my money and my phone??? What the hell is that about????,@115830 Why are you telling me I'm not a Prime member? You certainly took my money.,"@598553 We'd like to help the best we can, Peter. Without giving any personal information, will you tell us more about what's going on? ^HC",0.22086783759757284
4,@AmazonHelp You should GN,@AmazonHelp You.,@419292 We'd like a chance to look into this with you! Please reach out to us at the following link: https://t.co/JzP7hlA23B ^WT,0.614984500616993
5,"@116928 Buenos días,tengo una pregunta. Por qué descuidáis o por qué no supervisáis antes las traducciones y los errores que puedan contener los libros en formato electrónico?Todos tienen errores.Los notificó y nadie contesta.",Estaría bien que @115821 ofreciera libros en lengua asturiana tanto en formato digital como en papel para los miles de asturiamos que consumimos esa literatura.,"@732316 ¡Hola, Miguel! Recibimos tu sugerencia y te agradecemos mucho por hacérnoslo saber. Saludos. ^ES",0.22869068760872738
6,"@130293 me podéis ayudar, ha cambiado el idioma de todas las apps al español. Pero en un móvil me sigue apareciendo en inglés... He borrado e instalado varias veces... Pero no me sale la opción de cambio de idioma.. Gracias!",@116875 Por que no me sale la opción de 18 meses? https://t.co/LUwsUgQqbQ,"@738312 Hola Emmanuel, en el siguiente enlace podrás tener información sobre como manejamos los Meses sin intereses: https://t.co/Btu75gaI1o. ^AZ",0.26636696598420984
7,@AmazonHelp I don't have an Amazon account with that email address. But it is an address with 2 step verification that has not been hacked.  Why would someone be able to set up an Amazon account with an email account that has not been verified thru Amazon?  Sounds like Amazon security prob.,@AmazonHelp I don't have an Amazon Account,"@783920 Hi Jenny, would there be anyone in your family/friends that have Amazon account and would have access to your card? ^MA",0.36412876291887514
8,@AmazonHelp Sent my details as required.. expecting a quick intervention.,@AmazonHelp sent all the details as required from your end.,"@295644 Thanks for the update, appreciate your patience while we work on it. ^MJ",0.4500812218013626
9,@115850 is just awesome. They solve my problem in 1 hour and also give a amazon pay gift.  Thank you @115850 @115823,"Thank you @115850 
Received my gift thank you. #apptreasurehunt","@565613 You're welcome, Dhruv. :) ^NK",0.33125934508778115
10,"@AmazonHelp What repeat , what about my loses? It’s more than ₹4000",@AmazonHelp What about my product. https://t.co/y6vnvfEVjY,@465794 Please don’t provide your order details as it is personal information. Our Twitter page is visible to public. ^MS,0.3874043853598131
11,@AmazonHelp Thanks. Do check also why its taking more than 15 days to fix this. Can you cnfm this is not a virus issue? We must info ppl to be careful.,"@115850 : even being prime user, its taking more than 5 days for delivery. Bother to compensate? https://t.co/Kt4ZFr32qv","@119905 The delivery estimates are provided for an order depending upon various factors like item availability, shipping destination, etc. Please be assured, we'll deliver the product as per the estimates provided. ^AP",0.21730657807049264
12,@AmazonHelp Yes I received an email saying it had been successfully changed but it still won’t work. I’ve tried logging into my other account and it works fine but for some reason this one won’t work?,@AmazonHelp I deleted it and downloaded it again and it still won’t work,@277889 Have you tried using our mobile site? You can do this from a browser. Please let us know if you experience an error there as well.  ^AG,0.2310621208454875
13,"@115850 guys, bluedart is RIP in my area, I had to delegate and be the vent box for 30 pissed employees before I could get my cable, and that's when I was apologized to and assured that you will take care, GUESS WHAT? didn't happen :| why you do this fam.",@AmazonHelp Thanks and I will take care of that,@777167 You're welcome. Please keep us posted. :) ^NK,0.16311796594710193
14,@AmazonHelp Where do I find this please? It got to the point where she was so unhelpful I cancelled my prime membership,@AmazonHelp Where do I find that,@252348 When you click on the link scroll to the center of the page and the step should be available there. ^AG,0.38548361078819754
15,Como siempre al cien 👌👌 @116875 *-* https://t.co/fmALlAtxPF,Yeahhh @116875 https://t.co/kehgaaywbY,@343477 🎃💚👻 Es un buen momento para empezar a celebrar la Navidark ^VL,0.5976935779998976
16,@AmazonHelp チョコレート味だいすきです( ¯ᒡ̱¯ )و♡,@AmazonHelp Thaaaaaaaaaanks,@471968 You're most welcome! We're always happy to help! ^HS,1.0
17,Dejad de sacarme el dinero @116928 😂😂❤️ https://t.co/uJY9phF0mV,@116928  https://t.co/yKZQIYXmnf,@134789 ¡Hola Nacho! Nos alegra saber que ya recibiste tus pedidos 😊 Te recomendamos verificar la siguiente información: https://t.co/myiv2xYnjR. ¡Saludos! ^LG,0.47675202781364434
18,"Estoy muy contento con @116928 y su velocidad de envío, productos que iban a llegar mañana y el jueves me llegan hoy.

No solo hay que publicar cuando estamos disconformes, excelente trabajo! #AmazonPrime 👏🏼👏🏼","@AmazonHelp Perfecto, de momento muy contento con vuestros servicios","@495661 Nos alegra que recibieras tu pedido. Es tiempo de celebrar. 😜😉 Cuéntanos, ¿es un regalo para una persona especial o algún conocido? ^KA https://t.co/mOHMt0NuSw",0.2216895225381644
19,I can not believe how terrible @116090 has become. I will NOT be renewing #amazonprime. What a joke.,@115821 can't believe how bad your packaging and percentage of damaged shipments has become. #PleaseUsePackingMaterialsAgain #PleaseUseBoxes @115821,"@548822 Sorry to hear you've had a poor experience with the packaging. For help with your order, contact us: https://t.co/EKXRLsnxJu 1/2",0.22472908933045704
20,"@AmazonHelp Wait... you guys have it. Just that the first run of the app, asked me to enter my email/password. Found the easier way the second time.","@AmazonHelp No haven’t received any emails, that’s the second time you have asked me that",@191712 Please use the following link so we can look further into this with you: https://t.co/aPsjE2eHpc ^DO,0.2276727229730309
21,"@AmazonHelp Oui : report de la livraison à jeudi, sans motif. J’ai tenté de modifier mon lieu de livraison, bug sur le site, je rétablis mon adresse d’origine... livraison repoussée à samedi... et le service client n’est même pas en mesure de rétablir la date à jeudi 😡😡",@AmazonHelp Oui l’adresse est la mienne et oui la date de livraison est dépassée,@729889 Il s'agit d'un compte personnel ou partagé en famille ? Vous êtes la seule à avoir le mot de passe et à utiliser le compte ? ^MH,0.22300801925937766
22,@AmazonHelp It’s about 45 minutes to an hour away from me. Carrier is AMZL US,@AmazonHelp Carrier is AMZL US,@253344 Please send our team the details with this secure link: https://t.co/3kCXOTNBGg. We can make sure this is reviewed by Amazon Logistics directly.  ^EP,0.405540831152141
23,Hey @115821 ... I think a 12”x15” box for a single mechanical pencil is a bit much. https://t.co/FPjip9uUtu,@AmazonHelp this massive box for two nail varnishes is a bit much surely? 😂 https://t.co/aJBQUzsd1N,"@258297 Thanks for highlighting this to us, minimizing waste is part of our mission. You can leave this feedback directly with us via the following link:  https://t.co/fxgZ6hTrFA.^SM",0.37369570747755004
24,@AmazonHelp ペルソナ5のピアノ版サントラもオナシャス！！,@AmazonHelp Thaaaaaaaaaanks,@471968 You're most welcome! We're always happy to help! ^HS,1.0
25,"@AmazonHelp It now says Monday but up until 30 mins/ an hour ago it said tomorrow
The emails say tomorrow
When I ordered it says tomorrow
I fully understand if you’re having transport issues but I should of been made aware at checkout that next day was not an option",@AmazonHelp It says today and it says it should of been delivered already,@243052 Oh no! What is the current tracking status for the book? You can check here: https://t.co/Y5jpI9gRhE ^VF,0.1982813850332127
26,"@AmazonHelp After 2 days and hour long conversations each time with not much help from CS, we were able to log in and cancel the trial. I’ll go back to using my personal acct. this has been treacherous. I’m almost tempted to not use Amazon again to keep it from happening to me.",@AmazonHelp Not much help from @AmazonHelp either; 7 days and hasn't shipped. Underwhelmed.,"@175559 I am sorry to hear this David. Can I ask, what is the estimated delivery date given to you on the confirmation email you received when this order was placed please?^GA",0.1935304346353367
27,アマゾンプライム会員になっちゃった,"いきなり来たんだけど
なんですかこれ！！？

@120465 https://t.co/4dhaXWNqB4",@823866 当サイトからそのようなメールをお送りすることはございません。当サイトの名をかたるフィッシング行為が増えているようです。連絡先に電話をしたりしないようお気を付けください。https://t.co/k4jy2iBODo  SM,0.0
28,@AmazonHelp why can’t i get into my amazon account? It says my password is incorrect and i know it’s correct i changed it 3 times now,"@AmazonHelp My password is incorrect and when I reset it, it still shows incorrect password:( My account is 3 days old.",@672087 Oh no! Sorry to hear you're having trouble! Contact us here: https://t.co/jzvkhdlrK5 so we can look into this with you. ^AD,0.3424367008841376
29,"@AmazonHelp I ordered one device and gifted it to my friend, I have to buy one for me so I requested another invitation. it's now about a month. I didn't get any notification specifying that you are eligible to buy it or not.",@119625 @121284 I am still waiting for the invite. I want to buy one for me and one for my parents before diwali.,"@171200 We send a limited number of invitations each week to customers, so keep an eye on your inbox. ^PS",0.19005176064304335
30,Kaputt gebastelt von der IT @116316. 🤡 https://t.co/AOFCyKlFgG,@116316 ??? https://t.co/1gJWc9mTQH,@432252 Noch ist der Tag nicht vorbei ;) ^SK,0.5444363457894651
31,"@115830 ❤️ that I can buy all my Christmas shopping in one, convenient place: Amazon! and your delivery drivers ruin it by leaving my goods outside in full view for ‘collection’ by peeps walking down my street! #notgoodenough",I pretty much finished my Christmas shopping in one sitting. Thanks @115821,@263556 You are very welcome Samantha. We appreciate you and hope that have a Happy Holiday season! ^CH,0.24704155771908667
32,"@AmazonHelp Placed order yesterday for in stock item, 2 day free prime shipping. Order email came, looked at it today said delivery on the 15th. Called CS, to ask why this happen since I gave a friend the link to the item and he ordered 3 hours later and his shipped last night. 1/2","@AmazonHelp Through Amazon. When I ordered the item it said it was in stock, it currently says free prime shipping in 2-4 weeks.",@452604 Does the site indicate the item is in out of or limited in stock? Could you link us to the item you are purchasing? ^MJ,0.16044089081066454
33,@115850 charged shipping charges inspite of invoice &amp; offer mentioning zero. Please refund. https://t.co/TwsCKBGq1N,@AmazonHelp @115850 I have not got refund of the shipping charges...,@297351 Allow our support team to investigate this. You can report this here: https://t.co/R3EfhzgU8B ^CB.,0.24402709803454892
34,@115830 where's the Arrow S5 box set on prime?,@119625 please get “The Arrow” and “The Flash”.,@199832 We keep adding new content to Prime Video as we go along. Stay tuned for more! ^RS,0.31004421452385256
35,"@313536 @115821 Had I realized, I wouldn't have ordered....so yaaaaa",@AmazonHelp Yes and if I would have known it wouldn’t be here today I wouldn’t have ordered,@129590 We'd like to help! What's the current tracking and carrier shown here: https://t.co/Y5jpI9gRhE?  ^AG,0.3092942703550254
36,"@AmazonHelp Yes, everything else streams fine. Just CBS is a problem.","@AmazonHelp No everything is fine, I'm just.................eager",@354292 Understandable! I get the same way! Let us know when your order arrives. 😊 ^AB,0.29995818314737255
37,@AmazonHelp No date as it’s now out of stock with amazon so they said that it’ll either get dispatched when it’s back in stock or will be automatically cancelled if they cannot source more stock from the supplier.,"@AmazonHelp no. there was no date as it is out of stock but no one notified me. if I didn't contact you, I would never have known. not cool.",@813934 Have you received any insight on the order when speaking to customer service? Any options provided? We're here to help! ^MH,0.20206880242543804
38,@AmazonHelp Yes they are both third party sellers,@AmazonHelp Third party sellers,"@355074 (2/2) The seller will have two business days to reply. If they don't, please let us know! ^WT",0.6115312151743055
39,@122232 @115830 Maybe @AmazonHelp can help? Maybe? Anyone?,@AmazonHelp Hallowe’en leftovers maybe?,@671785 It might be! 😱👻 Let us know if we can help further ^KI,0.36199413598166374
40,"Uhm, excuse me Amazon. Why is my copy of Ultra Sun/Moon saying it'll be here on Wed??? I have Prime??? Lol fml smh.",where is my Ultra Sun and Moon???????????? amazon says its been delivered??,@743848 I'm sorry for this issue with your delivery. Please use the following Help page for info on finding a missing package: https://t.co/HHytWBxrza ^DO,0.2880000113154829
41,I’m a prime member and @115821 has been giving me SUCH a hard time with all of my orders this past month. I legit buy everything on amazon🙄,"@AmazonHelp It’s all figured out now, but thx. I’ve never had such a hard time with a gift return on @115821! Hopefully it’s the last.",@122721 Definitely. Please let us know if you need help with anything else! ^NM,0.22979976472942285
42,@115850 Got a phone with some defects.Tried for exchange but neither you provide hand2hand exchange nor u provide a spare phone. WOW☹️ https://t.co/3AQ4VHDQcV,"@AmazonHelp I ordered a phone with exchange, but the exchange does not show up in my order summary.",@740902 That's uncertain! We'd help you on this. Please contact our support team here: https://t.co/vlvfJr4nN9 and we will help you. ^BS,0.2313733776306622
43,"@115830 Interesting. So you use Black Friday as an excuse to send out shoddy goods for marketplace sellers with no right to a replacement because it was a 'special offer'? Special offer or no special offer, I am entitled to a new item at the same price, yes?",@AmazonHelp Is the Fire 7 price a special offer and if so when does it end? Thanks.,@800366 Hi! The Fire 7 is currently on sale. This is a limited time offer. ^BA,0.2014678844546108
44,@AmazonHelp Need support from amazon for either replacement of order or refund.,@AmazonHelp Need support on seller central,"@133890 Hi there!  Can you please provide us with some details on what you need help with, specifically?  ^SP",0.27539053631546
45,@AmazonHelp I bought SOW gold Edition and i receive Code for Expansion Pass but apparently not.. literally it's another standard SOW Game,@AmazonHelp i ordered gold edition of #fracturedbutwhole but looks like its the standard that's arrived? https://t.co/fkWvnReIDE,@164819 Can you contact us here: https://t.co/JzP7hlA23B? ^MC,0.2039293265715606
46,"このサービスが年間4000円って
何かチョットおかしい気がするよね

#ありがたいけど
#心配になる
#amazon",amazon studentってなんなん,"@242147 リプライ失礼いたします、Amazon公式アカウントです。
Prime Studentは、学生の方がご登録できるプライムサービスとなります。 年会費1900円で色々な特典をご用意しております。よろしければ以下リンクをご参照ください🙇 https://t.co/WUEqyfT9OW HM",1.0
47,"@AmazonHelp 45th today. 6 complaint mails, 3 calls, yet to get refund for ORDER # 171-0876267-3661905. Apparently, on 14th Oct you have lost tracking of the return shipment, in other words you lost it. &amp; Im waiting.",Hello @115850 @AmazonHelp i placed my order on 14th oct but still there is no update on it. Please help. Order : 171-2822971-3226727,@509613 Please don’t provide your order details as it is personal information. Our page is visible to the public.2/2^HN,0.19804032601203556
48,@AmazonHelp Bonjour. Je vous contact car je devais recevoir aujourd’hui deux colis (n° de suivi BH592412889FR) mais il me dit que c’est livrable maintenant entre le 29 - 4 decembre. Le pb chest que j pars en vacance le 3dec.. des infos sur la livraison? Merci...,@AmazonHelp vous avez des infos sur l’album de Joke Ultraviolet je dois le recevoir aujourd’hui mais il est toujours pas expedier,"@145896 Bonjour, je suis sincèrement désolée d'apprendre cela. Je vous invite à le signaler à notre SAV via : https://t.co/hgIrz98cdI afin de vérifier ce retard d'expédition. ^FA",0.2888607021908448
49,"@AmazonHelp It was a multi purchase, and couldn't cancel one item- had to 📱",@115821 #badcustomerexperice return an item. i had to wait for 30 minutes,@158560 I'm sorry for the trouble! Were we able to help get your item returned? ^KP,0.23421793958080106
50,@AmazonHelp すみません、Amazon prime会員なのですが「渇き。」を観たい場合はどうすれば良いですか？,@AmazonHelp すみません！グチを書いたつもりが！！💦とりあえず配達業者様と話をしておりますがまだ見つかってません。もし見つからない場合はAmazon様にご連絡したらよいでしょうか？,@182611 左様でございましたか、ご不便をおかけしております。　はい、もし配送業者とのやり取りで問題が解決しない場合、アマゾン発送の商品は以下URLよりカスタマーサービスへお問い合わせください。https://t.co/J6YEizo6qC　　SM,0.9787863346190744
51,"@116928 hola ,necesito comunicarme con ustedes para solucionar un problema técnico","@116928 
Hola
Necesito contactar con ustedes.","@682323 ¡Hola!, sin revelar datos  de tu cuenta, ¿nos podrías brindar más información para poderte ayudar?. 🙂  ^DS",0.4619981655344857
52,"Cute ad by @115821 for the Holiday season
https://t.co/9PoNhl17Uj","My first @115821 prime arrival of the holiday season showed up completely broken, not the holiday cheer I was hoping to feel :(",@769266 Oh no! I'm so sorry to hear that your package arrived broken. You can check your available options here: https://t.co/bbtIqSHgpP. Let us know if there is anything else that we can help. ^LH,0.3064343236284366
53,"@AmazonHelp Bonjour Amazon ! J'ai normalement droit à un coupon réduc de 5€ sur ma prochaine commande si je me connecte sur l'appli. J'ai téléchargé le coupon il y a qques jrs, mais je ne le vois plus aujourd'hui pour passer ma commande. Help ?!",@AmazonHelp J'attendrai que ce bureau réapparaisse pour passer ma prochaine commande. Les autres points sont trop loin. Merci.,"@215573 D'accord, je vous en prie, passez une bonne journée :)",0.2805780686519666
54,"@AmazonHelp Nein, nein. Der Ring und das Symbol mit dem Mikrofon leuchten rot. Es hat aber niemand den Knopf gedrückt.",@AmazonHelp NEIN! 👎🏻,@194202 Melde dich mal direkt bei uns im Amazon.de Social Media Team: https://t.co/br7bhrlJn8 ^SK,0.39563747414335215
55,@AmazonHelp Does not work.,@AmazonHelp Link does not work - incorect product.,@266715 Are you having trouble with the link to the Returns Center or the Packaging feedback link? ^EP,0.48761699889772864
56,"Hey, @115830.

You can deliver me a book in literally hours.
So, when I cancel my subscription to Prime, how about you actually stop automatically trying to take the money every month? It shouldn't have to be something that needs RE-doing, once already cancelled.

Stop.",@AmazonHelp can you please stop trying to take $21 out of my account when I already cancelled the purchase,"@423573 That's odd! We'd like to look into this further, Bri! When you have a moment, please reach out here: https://t.co/hApLpMlfHN ^HM",0.18333902273034325
57,"@120533 @132988 Bilan : la boîte est presque pas abîmée (le mot clé étant « presque »), juste (de quoi passer) un doigt. 👈👀
Le rembourrage papier censé empêcher la console de se balader dans le colis et protéger les coins n'était pas suffisant, il semble avoir glissé pendant le transport. 💥😢 https://t.co/UPp9zwqwOd","""Wallay le colis y rentre pas dans la boite aux lettres, np lol, j'le balance dans le jardin et osef que le machin blanc qui tombe c'est de la neige."" @120533 https://t.co/b7wkGW1DXN","@221319 Bonsoir, je suis désolée d'apprendre cela. Pourriez-vous remplir le formulaire sur le lien suivant afin que je puisse vérifier votre dossier je vous prie: https://t.co/HtUowg2UGX? ^BR",0.2066992590077491
58,"@AmazonHelp It is a movie not a TV series...OK..if someone had been watching it,would appreciate notification before content is removed midway,thanks!!",@AmazonHelp It is,@324811 I'm sorry. We're unable to access account info via twitter. Please give us a call here: https://t.co/hApLpMlfHN ^JF,0.2056947823498197
59,"@AmazonHelp My tentative idea hw much more time do u need, it’s already 9 days &amp; Amazon is asking for more &amp; more time @115851 #GreatIndianFestival",@115850 @115821 @AmazonHelp @118702 How much more time do need. Amazon is really unprofessional,@322303 You might have received an email from us. Please check here: https://t.co/8DAc10S7ww. ^HA,0.3142583011534014
60,#AmazonIndia i am unable to understand why would my package estimated for oen day delivery become a 5 day delivery episode??? I can't track,@115821 Why would my package say delivered if it’s not?,"@377121 Hi Lori, please check this page for information: https://t.co/p4rRjMsQCj ^AT",0.22971423258416632
61,@AmazonHelp 神対応、本当にありがとうございます！！,"@AmazonHelp 一人じゃ解決しなかったと思います…
とっても助かりました〜😭
本当にありがとうございます！！",@255810 お役に立ててなによりでございます☺️　今後とも、Amazonをどうぞよろしくお願いいたします！　SM,0.9999999999999998
62,"@AmazonHelp There were other typos too, hope you get a good team of QA :)","@AmazonHelp there’s some typos in there, my mistake, but you get what I’m trying to say https://t.co/lgscE0EL0g","@203003 Are you logged into the account that made the purchase? If so, does it show up here: https://t.co/Y5jpI9gRhE? ^SH",0.2485358681544485
63,"I have return an item before 17 days @115850  but the status is still showing that order has dispatch. There is no change in status. And I contacted @115850  customer care but they tell me to wait for 3-5 days repeateadly.
#what the wrong with Amazon customer care 
@115821",@AmazonHelp even that was done on Monday night. No change in status,@380783 here: https://t.co/beaaDm0muc I'll look into it right away. 2/2^AR,0.19971055320558398
64,Hello @2600 ça va ? J'ai un souci avec une commande on passe en DM ?,"@AmazonHelp Oh Ben partez pas, J’ai un souci avec une autre commande que J’ai bien reçu.","@340689 Quel est le souci rencontré avec la commande reçue je vous prie ? .
^KE",0.39045411107145805
65,"Amazon商品誤配送で人生初返品手続き。
ふざけやがって","いきなり来たんだけど
なんですかこれ！！？

@120465 https://t.co/4dhaXWNqB4",@823866 当サイトからそのようなメールをお送りすることはございません。当サイトの名をかたるフィッシング行為が増えているようです。連絡先に電話をしたりしないようお気を付けください。https://t.co/k4jy2iBODo  SM,0.0
66,@AmazonHelp Amazes me how when I ask politely and try to have a normal dialog it doesn't work but the moment I raise my voice I get a response straight away.I simply wanted to know what your complaint process https://t.co/DClluX8d3Q to log it and when to expect resolution.,"@AmazonHelp When I try to log in, the same reinstate message","@665654 Sorry about that. On the link provided, you should see an option in blue to skip sign. Click there and send us your details. ^VS",0.16526573570433323
67,"@115850 I ordered a book called ""The Baker In The World'. It was suppose to arrive today. Later got a text saying couldn't arrive due to no payment. BUT NOBODY CAME HOME FIRSTLY TO DELIVER? WHY THIS TORTURE??",@AmazonHelp It has not arrived yet. It was suppose to arrive today by 8pm.,@164623 I understand your frustration. Have we sent any notification of a possible delay? Who is the carrier assigned to your package? We'd be happy to assist in any way possible. ^SK,0.24266511116437173
68,"@AmazonHelp Can you remove my email address from order #204-1416984-2493927 and that person's associated Amazon UK account? It's an elderly man who gives people/companies my email address all the time, and I'm having a hard time stopping him.",@AmazonHelp Order# 171-9509195-0411533. My email address:- __email__,"@406215 Please don't provide your order details, we consider it to be personal information. Our page is visible to the public. 2/2^SC",0.22115247156406584
69,"99.9% of the time, being a Prime @115821 member is great. But don't ""guaranteed delivery"" on a certain date, and show ""arriving by 8pm today"" when the ORDER HASN'T EVEN FUCKING SHIPPED YET.","@AmazonHelp No it still says ""arriving by 8pm today"". No change.",@143020 I'm sorry for the delay! Delayed packages typically arrive the next business day by 8 PM. Please keep us posted on its arrival. We want to make sure you get it. ^JM,0.21111699386143157
70,Got sent this @115830 Black Friday deal earlier. It said there were 9 hours left so waited until I was home from work but the price has gone up to £211!!! Is this allowed?! #BlackFridayDeals @118374 https://t.co/eJKn7ziKaq,@AmazonHelp @115821 @AmazonHelp is this product on auction? MRP is still 138 but price gone up to 160 from 150 https://t.co/Mqic4lyyIn,@625770 I get you being upset and I'm sorry about the stretch. This should be rectified at the earliest. ^MP,0.18866820126472747
71,"@AmazonHelp UK consumer law states under distance selling rules I’m entitled to FULL refund of payment, returns costs if item is faulty! Just coz his registered office is in Jersey &amp; dispatches from Netherlands doesn’t mean he or amazon can circumvent my rights!",@AmazonHelp yes. not able to communicate. item is not fit for purpose so under UK consumer law i am entitled to a refund,@192393 Hi Gareth- Have you requested a return for refund via the above link provided? ^NV,0.25789913529477604
72,なぜかKindleダウンロードできなくなった,"いきなり来たんだけど
なんですかこれ！！？

@120465 https://t.co/4dhaXWNqB4",@823866 当サイトからそのようなメールをお送りすることはございません。当サイトの名をかたるフィッシング行為が増えているようです。連絡先に電話をしたりしないようお気を付けください。https://t.co/k4jy2iBODo  SM,0.0
73,@AmazonHelp Just to reply this you took one hour,@AmazonHelp How to reply,@143382 You can reply from your registered email ID with Amazon account on which we've sent a correspondence. ^SC,0.2709144319648443
74,"@AmazonHelp but to me that I was charged the same day and never received a refund of the purchase .. in conjunction with the 3 times I have called have not helped me and assist me in an unprofessional way, I do not think that is what which represents the company, please help me",@AmazonHelp DM you an issue. Please check it and assist me with that.,@658237 We have responded to you DM. Kindly check. ^SS,0.18146720550873452
75,"@AmazonHelp Yes, other commands are working fine","@AmazonHelp Yes it's working fine, thanks!",@174520 You're welcome. Keep us posted for any further assistance. ^SD,0.45744698572254844
76,@AmazonHelp Yea I did .. sadly the same bug always!!,@AmazonHelp Yea,@321026 Sorry for the inconvenience. Please drop in your details here: https://t.co/beaaDm0muc I'll look into this for you. ^ST,0.54010276336166
77,"@AmazonHelp They refunded me the $5.99 for shipping, and the guy apologized and said that it would be here today, and I checked the tracking and it hasn’t even left the facility, and says it’ll be here by tomorrow.","@AmazonHelp Ugh, I REALLY need this item delivered today as scheduled, but it hasn't even left carrier facility! No way it'll be here by 8pm","@272836 I'm sorry it hasn't shipped! Since this is urgent, please reach us here: https://t.co/hApLpMlfHN, so we can look into it. ^NS",0.26776381607085314
78,@AmazonHelp El producto es vendido x amazon el dia 15 d este mes y ademas d llegar con días d retraso ni siquiera va a la dirección correcta!,@AmazonHelp El producto aparecía bajo el renglón Prime,@228159 ¿Has recibido algún correo electrónico informando la razón del retraso con la entrega de tu pedido? ^FZ,0.28339829660089594
79,"Half of my ‘Kindle’ screen has gone, I am 1/4 way through a book, what can I do??
@115830 ??",@AmazonHelp what I can do.,@162506 Sorry about the confusion. Please share your details here: https://t.co/GIJyeYqKE0 and we'll help you with this. ^SQ,0.31652345463205744
80,@12154 @115850 Will the new TV show be available to Prime users in the US? or is this India only?,@119625 @12154 Is this available in the US?,"@344187 The content is geo-location specific, you will only be able to view this in India. ^SQ",0.2878627758313755
81,Not sure how having my @115830 delivery being dumped behind a bin constitutes being handed to resident? Last time I checked I don’t live in a bin or pay for #AmazonPrime for this. Wasted time knocking on neighbours doors looking for it as well. 😡,@115821 order number Q22603246803 is shown as being handed to resident last night but it wasn’t and I was in all night,"@393752 I'm so sorry to hear this, Andrew! We'd like to take a closer look into this with you here: https://t.co/JzP7hlA23B ^HC",0.22292710710181032
82,"Hi @115821, this is the third day in a row that I have received this message, I know Texas is big but seriously how hard is it to deliver 2 car stickers? My Prime membership is feeling pretty laughable at this point. https://t.co/xV1Jybwfr0",@AmazonHelp This is just insulting at this point https://t.co/zCNNybywGD,@157760 I completely understand your frustration! Please let us know if you don't receive your order on Saturday by 8 PM. ^TN,0.28780457739005166
83,"@116090 
I have a $300 order pending but for some reason you
say my credit card “doesn’t” match?? Strange it’s being accepted everywhere else with a very high
CRedit Limit. I spent 3hrs taking advantage of Cyber D
Help by giving me a no. to call or the Bezos phone no.",Stop taking advantage of me @115821,@213986 Hello - can you tell us about what's going on without posting order or account information? ^DO,0.2064021553006822
84,"@AmazonHelp @130687 Por suerte para mi, no para el planeta, los 8kg y medio de papel de burbujas han hecho su trabajo. Tengo pasatiempos para rato. Pop.","@AmazonHelp Por suerte, vino hace un rato jajaja volvemos a Defcon 5",@787653 🤗,0.22495173073950359
85,@AmazonHelp Thanks for your  cooperation,@AmazonHelp ok thanks sir for your cooperation,"@266920 You're welcome, Hardik. Let us know how things go. ^MP",0.5929032499879202
86,@115850 @AmazonHelp What is use of prime membership  when no support from yu regarding shipment updating and cancelling order...,"@AmazonHelp No use of prime membership, return my money","@119791 Could you please confirm, if we've missed the estimated delivery date? ^AG",0.2924701983659721
87,@AmazonHelp detail already provided to u in ur earlier same fix reply.,@AmazonHelp Detail s shared,"@174515 We've sent a correspondence to your registered email address, request you to check the same. ^SH",0.43976567781862086
88,@AmazonHelp still my refund not credited. yesterday is the refund date but no credit. and i ask yesterday customare care they are told me go to nearest bank and tell the  reference number he will help you. what is this sir all your side misstake but all problem handle me only.. very bad sry?,@AmazonHelp Still refund amt is not credited 😐 #AmazonGreatIndianFestival,@360575 I'm sorry for the inconvenience. Please contact our support team here: https://t.co/TdDksLo6Mf and we'll look into this. ^MK,0.16018302581815502
89,"@115830 about the purpose of the toys: if you want to completely distract the child from music, buy a baby piano with a bad sound without the ability to connect to high-quality acoustics, without the possibility to turn on the library of sounds ... (about toys)? https://t.co/hXnFOlHiUx",@AmazonHelp And I don't want an invoice. I want to give the recipient the ability to return the gift without knowing how much I paid.,"@698684 A gift receipt is not required to return a gift. The gift recipient can use the tracking number found on the order packaging and contact our customer service team via phone or chat. Was there a packing slip with the order? If so, it may contain the order number. ^JS",0.15750831395682235
90,@AmazonHelp I have the email.,@AmazonHelp I have.,@772568 Thanks for the heads up. We will check the details and will get back to you with an update soon. Please keep an eye on your mail box. ^SD,0.49669382208736484
91,@AmazonHelp Will you refund courier chatges if i send it back?,@AmazonHelp And who will refund me if i send it back by post,@190898 Please connect with our support team here: https://t.co/TdDksLo6Mf and we'll look into this. ^HD,0.38389519651035586
92,"@120533 c’est ça votre emballage cadeau à 2,99€ ? Vous avez régressé sérieux 3€ pour un truc que je vais devoir refaire parce qu’il est moche et transparent, c’est du papier carton pour chaussures vous déconnez !!!?! https://t.co/igr56f7y4U",@AmazonHelp Et l'emballage cadeau est top! :),@133896 C'est parfait. Nous sommes ravies que l'emballage vous a plu 😍😍 ^SB,0.24842607401916134
93,アマゾンプライムにコウノドリの１期があったので流し見しよ～と思ったけど号泣しまくりでつらい朝,"いきなり来たんだけど
なんですかこれ！！？

@120465 https://t.co/4dhaXWNqB4",@823866 当サイトからそのようなメールをお送りすることはございません。当サイトの名をかたるフィッシング行為が増えているようです。連絡先に電話をしたりしないようお気を付けください。https://t.co/k4jy2iBODo  SM,0.0
94,"@AmazonHelp Initially amazon sent me a totally wrong item 

I raised a request for exchange, But in exchange, again they sent me wrong item 
First you sent me some other shoes and in exchange you sent me a shoes of different size.

This is really annoying",@AmazonHelp you sent me the wrong game,@673005 I'm sorry for the mix-up! Please visit us at the following link to review our return options: https://t.co/dWjcrANSRM ^WT,0.295613904625491
95,@AmazonHelp No se donde está,@116928 DONDE ESTA MI PEDIDO ???!!!!! https://t.co/eeuoNSy81r,"@564966 Hola, sentimos lo ocurrido. Por motivo de seguridad, sugiero no compartir información personal de tu cuenta o 1/2",0.3528549358819226
96,@AmazonHelp immer noch nichts ... was würde bushido tun?,@AmazonHelp immer noch keine Antwort?😥,"@507322 Hi, wie ich gesehen habe, hat mein Kollege heute hier nochmals nachgehakt. Aber wir warten leider auch noch. Gruß ^JS",0.4788464528802983
97,@AmazonHelp I tried getting a call back...twice...it did not connect...there seems to be a problem...,@AmazonHelp I tried but it did not work.,"@372492 Sorry for the trouble with adding your card, Chiraag. Please report this to our support team here: https://t.co/TdDksLo6Mf. ^HD",0.28862962668246195
98,@AmazonHelp This was the last update before I called amazon customer service today and that's when I found out it was lost.  I would of appreciated being notified of a lost or missing package instead of waiting for a package that was never coming. https://t.co/4lK4C9GKm3,@AmazonHelp how do I report a lost or missing package?,@438938 Sorry you haven't received your package! What's the latest tracking/delivery date for your order: https://t.co/Y5jpI9gRhE? ^JP,0.27303350278462013
99,"@AmazonHelp I've been a loyal prime customer for years. Currently, I'm being given the run-around on the return of a $700 cookware set. I would really appreciate some help, as I'm furious at your customer service.","Worst experience with @115821 I've ever had, being given the run around is not good customer service.","@267737 We'd like to turn this experience around into a good one! Without giving account information, can you please tell us more about what's going on? We'd like to help! ^KJ",0.31535817366429336
100,Hey @115850 - I keep getting this error on Amazon Now everytime I add a product to my cart. https://t.co/QM5yATrrJZ,"@AmazonHelp I keep getting this error message when I try to add an item to my @117093 cart: ""…this item was not added to your cart."" https://t.co/crXn3yzrLi","@397143 I'm sorry to see the trouble, Matt! Have you tried to close the browser and try again? Maybe try on a different browser? ^HC",0.33228049126654124
101,"@AmazonHelp Se que son una excelente empresa, pero les falla en esto, en estas fechas es mejor o deshabilitar la opción de un día o de plano agregar una nota de que el pedido puede no llegar en la fecha promesa por la sobredemanda",@AmazonHelp Es el primero pero pienso comprar otro flash edad de oro en amazon por que son una pistola en el pedido y en el envio 🙏🏽,"@727874 ¡Corremos para enviar los paquetes bien rápido! 🏃 Dinos, ¿ya viste la película? :D ^CR",0.21843738866443313
102,"@115850  My Keyboard  cover ( ORDER # 405-9026240-1774718)  had been delivered on 28th Sept. 2017. Since the product was undersized, I sent online request for return on 3rd Oct. 2017. NO ACTION HAD BEEN TAKEN . While tracking I found that Return window closed on 09-Oct-2017 !!!","@115850 My Keyboard  cover ( ORDER # 405-9026240-1774718)  had been delivered on 28th Sept. 2017. Since the product was undersized, I sent online request for return on 3rd Oct. 2017. NO ACTION HAD BEEN TAKEN . While tracking I found that Return window closed on 09-Oct-2017 !!!","@366442 Please don't provide your order details, as we consider it to be personal information. 2/2 ^AP",1.0
103,It's really Pathetic 2 order a product from @115850 really a 3rd class service from you guys.u don't hav sense or urgency for cust service,@AmazonHelp Y don't you guys accept that you guys are joker @115850 @115821 @115851 it's really pathetic,@158494 We're sorry to know you are upset with us. Kindly elaborate the issue so we can assist accordingly. ^MP,0.208940952443519
104,"FIT1000 code expired but @115850 still advertising...
@180892 
Pls check and confirm if code is valid? https://t.co/6dYIhQlfYW","@AmazonHelp but i recd called ,, he told me my order cancelled pls  check and confirm","@171391 Sorry about the hassle, Jay. Please reach out to our support team with the link provided earlier. We will look into it. ^SB",0.28975681378388773
105,@123813 Se encuentra disponible con Android TV?,@123813 Ya se encuentra la aplicación en smartv ?,"@529267 Hola EDGAR, si está disponible, por favor checa las siguientes informaciones:https://t.co/m82qtRgWzm . ^MB",0.39317124869938147
106,@AmazonHelp how long does it take for an order cancellation to process?,HOW LONG DOES IT TAKE FOR AMAZON TO DELIVER @115821,"@495240 Hey, sorry your parcel hasn't arrived yet! Which Amazon site was this purchase made on? ^LB",0.5550537002111072
107,"@AmazonHelp Yeah it was expected 6th-9th and still isn’t here, I ordered it on the 1st",@AmazonHelp Yeah it was,@222173 Please reach out to us here: https://t.co/hApLpMlfHN so we can go over your options. ^CO,0.45041809302464275
108,"@115850 @115821 #Theif #stealer #Robber Without any notice, how you guys can close customer account without notice and confirmation. #amazonprime #fraud
#CustomerCareAmazon #ridiculous",@AmazonHelp You cancelled my subscription without any notice and without my consent. No explanation what so ever.,"@143761 I'm sorry for any frustration! Can you please provide us a bit more information? Which subscription ended? Have you been able to re-active it? We'd like to help, if possible. ^ST",0.26145992146565844
109,"@115821 why the fuck does your video quality fluctuate from amazing to a piece of shit every few seconds? My internet is fast as fuck. This is an Amazon Service problem. I wanna watch The Wire, dammit.",@AmazonHelp Just did. My internet is fast. Netflix app is working fine. But not prime video. Why?,@164751 We'd like to troubleshoot this with you in real-time. Please contact us here via phone or chat: https://t.co/EKXRLsnxJu ^GG,0.21803722352205848
110,@115830 Please look into Your packaging services.,@AmazonHelp Please look into it asap,"@402247 We've responded to you over DM, Chitresh. Please check your DM for more information. ^KS",0.40840533110380484
111,@115833 just set up a new Echo. Have access to contacts and places a call. People on other end of call can’t hear me but I can hear them. Help!,"@AmazonHelp Outgoing calls to cell phone and landline. Echo makes the call, I can hear them through speaker but they can’t hear me",@672566 Please try these quick fixes: https://t.co/ncHOhxs6pJ. Let us know if the problem persists. ^SH,0.36659390300073896
112,@AmazonHelp I don’t think I have even received one yet.,"@AmazonHelp Been waiting for a week for Echo invite, still haven't received one yet :/",@175410 We send limited number of invites each week. Keep an eye on your inbox.(2/2) ^RD,0.30420417858772775
113,@116928 hola pueden ayudarme x mensaje porfa? tengo un problema,@AmazonHelp pueden ayudarme en español?,"@330901 Claro, Cristian. ¿Cuál fue la fecha de entrega indicada en el correo de confirmación cuando realizaste el pedido? ^DB",0.4368732847244383
114,@115823 Our account was suspended for no logical reason. No response from you in days despite repeated requests for help.,"@4088 @37185 @AmazonHelp @37186 @37187 our account name buyerzone still suspended,no response yet..",@165815 We're sorry to hear about the delay. Please reach us here: https://t.co/vlvfJr4nN9 and we'll get this sorted soon. ^RS,0.20587836488861522
115,@AmazonHelp Already done. Same old answer. No solution. Do you have any sort of accountability left in you guys?,@AmazonHelp Already done .,@338759 Apologies for the experience. Please share your details here: https://t.co/GIJyeYqKE0 I'll reach &amp; assist you. ^SV,0.299554600832215
116,@AmazonHelp Isn't there a way to hide the shopping cart side bar on the website???,@AmazonHelp On the website.,@804864 I'm sorry for the trouble! Most errors can be resolved by clearing the cache and cookies and restarting your web browser. Please let us know if this helps! ^LR,0.2617533508100805
117,"@AmazonHelp It says ""pending verification""",@AmazonHelp It says pending verification on my orders?,@429752 I'm sorry for the delay. Digital orders can take up to 4 hours to process completely. More info here: https://t.co/Q9flpeejTu ^LR,0.7899509249255456
118,@AmazonHelp The guy on the email said he will process a special case refund and not to worry. Amazon took 111.42 from my account on 11/8 i suspect they will take 111.99 sometime in order to fully charge the 223.41 of the GC.,@AmazonHelp the guy on the call said it is not even dispatched yet! :(,@229890 Sorry to learn about that. Kindly share your details here:https://t.co/GIJyeYqKE0 and we'll assist you accordingly. ^GD,0.19944903775747952
119,"@AmazonHelp I have done the suggested steps on the Amazon Page itself ..  Left the Feedback, what else is required?",@AmazonHelp I have left the feedback already.,@159114 Thank you.^CD,0.2913159350199459
120,"@115821 @116935 this is the 4th vinyl album I received that is warped! What’s going on in the warehouses and/or shipping? It’s frustrating to have to constantly return. You have a great return policy, but the time is the frustrating part.",@AmazonHelp  another package delayed. This is the 4th time in the past couple of months. What’s going on??!,@456015 I'm so sorry to hear this! Is this happening with one specific carrier? You can check here: https://t.co/Y5jpI9gRhE ^TH,0.19166545290168155
121,@115830 why have I been charged delivery on a free delivery item.  So annoyed. Can't find way to message you,"@AmazonHelp hi, why have I been charged £1? https://t.co/L0uXCq4BVJ",@149250 The £1 you see is an authorisation for checking the validity of your card. More info here: https://t.co/POiWXi6VfJ  ^JP,0.24813016134993068
122,@123813 Ya contrate el año. Pero su aplicacion para smarTV Samsung se atora a cada rato y tengo que reiniciarla al terminar los capitulos de mi serie. Y aun no tienen cannal en Rocku Mexico. Ojalá mejoren esos aspectos,@123813 Acabo de ver los 6 capítulos de la serie LORE y esta buenísima! Saludos,@458990 ¡Genial Hector! ¿Qué es lo que más te gusta de la serie? 😄📺 ^KS,0.27954315194127
123,@AmazonHelp yes but did not get any reply,@AmazonHelp But I did not get it..,@363738 here: https://t.co/GIJyeYqKE0 with requested details. Appreciate your patience. 2/2 ^MJ,0.5519360052196853
124,@115821 Dear Sir Someone calling me informing that I have wing raffle and need to Pay RS 6500 for proceeding the prize. Bank details shared with me. Called amazon but response poor. I am willing to support Amazon in nabbing this gang,@AmazonHelp Details shared..,@394425 Thanks for confirming. We'll check and get back to you with an update regarding this soon. ^NR,0.18377521508474343
125,"@AmazonHelp いやですね、返品完了って出てるのですがカード履歴を昨日見たところ返金されたらしき痕跡が見られなかったので。
で、今回は返品完了のメールが来てから4日経ってるのでさすがに？ という訳です",@AmazonHelp Thaaaaaaaaaanks,@471968 You're most welcome! We're always happy to help! ^HS,1.0
126,@AmazonHelp Can i get someone who isn’t useless please. I want my money back,@AmazonHelp I want my money back,@290982 I understand your frustration. Please contact us here via phone or chat so we can look into this: https://t.co/EKXRLsnxJu ^GG,0.4069646609124875
127,@AmazonHelp It is. In fact there is only 2 more left https://t.co/f3Bbu1JSLc,@AmazonHelp It is,@324811 I'm sorry. We're unable to access account info via twitter. Please give us a call here: https://t.co/hApLpMlfHN ^JF,0.3247951972856481
128,@AmazonHelp I talked to your Indian customer support representative and he said that he is not able to find contact number of seller. Do you really verify sellers before registering? I'm unable to claim my warranty for order of crossbeats headphone as it stopped workng in 5 mnths,@115850 how to claim my warranty I purchase 1 more earphone from amazon india...,"@217255 As this is a service related issue, please reach out to the closest service centre and they'll help you out. ^GS",0.2092533590669522
129,@AmazonHelp nobody attempted to deliver this and it was a prime order. Why am I paying for membership when you don't deliver?! #badservice https://t.co/x9CJBSGLQ2,@116090 why am I paying for prime? https://t.co/KkUlj2ciMs,"@667190 Hey Timothy! Have we missed an expected delivery date? Please, do let us know. We're here to help! Our shipping method timers don't start until your order ships. Learn more: https://t.co/khqFhMxY8e ^JE",0.2777125392159426
130,"@AmazonHelp How do you rank that solution to be best?
I need email is of some one responsible. Your email is simply a copy paste job. I have been raising complain since 01 November but that doesn't ring a bell in you ears. Post Numerous phone calls and emails you are telling that no return",@AmazonHelp Still Awaiting solution to my grievance. It's been two days and now Amazon will say It's been over a month since delivery so can help even though I have been raising the issue since 01 November 2017.,"@241603 I had checked for the details but could not find any, I would request you to kindly drop the details once again on the same link that was shared earlier. ^KK",0.1844576681402212
131,@AmazonHelp you have let me down bigtime. Message sent.,Amazon let me down.,@436249 This isn't what we like to hear! Can you tell us more about what's going on without posting account info? We'd like to help! ^KJ,0.4537822132004822
132,@AmazonHelp a purchase of 7.98 has come out of my account that I didn't make? Help please,@AmazonHelp I've received an order that I didn't make can you help please?,"@689503 My apologies. If you get in touch: https://t.co/JzP7hlA23B, we'll be happy to look into this. ^DC",0.32836705911446107
133,@129773 Why isn't #WonderWoman available as part of my @129773 account as are so many films are available on Lovefilm DVD but not via Prime?,Why isn't @132976 available on @119625 ?,"@184208 Both the seasons of The Grand Tour are available on prime video, please keep us posted if you aren't able to find them. ^GS",0.24435723774555562
134,"@AmazonHelp Reaching out to you via chat was precisely what I did. Although I did manage to get a ticket created, that was only after ~30min persuading someone to do so, while they were trying to convince me to call your support in the US, as I mentioned.

Let's hope I'll be helped!
-Paulo",@AmazonHelp Let's hope,"@143382 Appreciate your understanding, Jay. We'll ensure to close your concern at the earliest. ^MK",0.16251439129255252
135,@AmazonHelp @115850 @AmazonHelp kindly look into the issue I have raised with respect to my mother’s account as well. The same issue exists of redemption of gift card. Multiple times raised an issue but no resolution. Look into that as well,@115850 @AmazonHelp Kindly look into this,@712913 That's odd. Kindly re-install the app once. Do let us know if the issue still persists. ^PS,0.3421091743155603
136,"@145529 969260892, product till not delived, worst experience from @145529 &amp; @115850",@AmazonHelp Till i not received any mail,"@465794 That's strange. If you're unable to locate a correspondence from us, please drop your details here: https://t.co/GIJyeYqKE0^VN",0.2567168872301805
137,"@AmazonHelp I got mail from you, I surprised with your system/management!!!. They didn't find my query. I got this message from Amazon on 7th Oct 2017 ""Your Amazon.in order (#406-2033839-8995520) has been dispatched. Estimated delivery: Thursday, October 12. https://t.co/v30kra4gE3""",@115851 @115850 Amazon.in Order # 406-9047234-6277910,"@267722 Please don't provide your order details, we consider it personal info. Our Twitter page is visible to public. ^NR",0.22836292514242076
138,"@116618 , Why are the episodes unavailable? https://t.co/hC1mjyz3Ob",@AmazonHelp amazoncontact options unavailable https://t.co/GSi8dZ6z6N,@526255 Sorry for the trouble you've had. Kindly try reaching out to our support team after sometime. Do keep us posted. ^MM,0.4967297123513596
139,@AmazonHelp @115850 this charger is for OnePlus one my phone is one plus 5t and why don't u understand that one plus original charger is useful only because it has 4 amphere supply while other charger have 2.1 Amp supply,@115850 Exchange available? One plus 5↔️ one plus 5T,"@285585 Considering that the mobile has launched recently and only available on flash sale, we do not have any annoucement regarding the availability of exchange for now. ^RI",0.2596667897061918
140,@AmazonHelp There was no reason given! Order number is 114-0528110-0291469,@AmazonHelp My order number is: 114-6053186-3563459,"@312390 We'd like to help, Mitch, but on Social Media, we have no account access. Please reach us here: https://t.co/233GuUIPkP ^TM",0.5820499330629572
141,"@AmazonHelp no, i use another website",@AmazonHelp No use https://t.co/oXWhKy5G6m only!!,@158387 Thanks for the information! Please reach out here: https://t.co/hApLpMlfHN so we can take a look at the order in real time. ^AH,0.3619595621994868
142,#Amazon-Alexa ist Gard angekommen 🤔😉,"出先から帰ってきたらアマゾンエコードット届いてた！
聞き取り精度かなり高い！感動！面白〜い(*´-`)
#amazon alexa https://t.co/3SdPVQOG2y",@719846 |ω・).｡oO( ありがとうございます！） SK,0.43286537843493234
143,@AmazonHelp Management of what? What is HR?,@AmazonHelp @115850 @131027 @3923 @1560.This shows d pathetic management of amazon. https://t.co/T5lUUFYJOU,"@144297 Please don't provide your details, we consider it personal information. Our Twitter page is visible to public. 2/2 ^MK",0.26938843903566845
144,@AmazonHelp I’m a prime member I ordered two products $99 each in Canada while I’m here at our cottage but they want to charge me $60 to return ??? Gonna cancel my membership if this doesn’t get fixed @115821 @123644,@AmazonHelp @115821 @123644,"@244588 Hola Nazaret. Lamento mucho el inconveniente. Cuéntanos, ¿Es un producto vendido y distribuido por Amazon o Vendedor externo? Si el vendedor fue Amazon, ¿Hiciste la consulta con el transportista?
^FQ",0.2326608369777744
145,時間に追われてアマゾンプライマーになってしまった,"いきなり来たんだけど
なんですかこれ！！？

@120465 https://t.co/4dhaXWNqB4",@823866 当サイトからそのようなメールをお送りすることはございません。当サイトの名をかたるフィッシング行為が増えているようです。連絡先に電話をしたりしないようお気を付けください。https://t.co/k4jy2iBODo  SM,0.0
146,@115830 do I honestly have to send broken bulbs that arrived to me today back to you to get a replacement? Seems like a waste of resources https://t.co/vUCSJ8HZ1j,"🤔 @115821 why do I need to ship this back if it’s broken? It seems like a waste of packaging, can you just send me a replacement? https://t.co/BOS3VEJnYg",@376174 We appreciate you reaching out. Please contact us here via phone or chat to explore your options: https://t.co/EKXRLsnxJu ^GG,0.24898445937510713
147,"@AmazonHelp in real world why so much delay ? 

that is why you guys do fail the transaction at your end. #ThreeTimeFaild https://t.co/IncuXCt7ON",@AmazonHelp Why so much delay??,@750620 Cash back is provided by pertinent banks connected with the offer. Time taken to process is subject to their guidelines. ^CB,0.4434324188382338
148,"@AmazonHelp Just watched your delivery person throw one of my packages out of his truck into the street, and then the rest out of his hand onto the sidewalk unattended.",@AmazonHelp Just watched your delivery driver throw my package down my driveway before it skidded to a stop. 😡😡😡 https://t.co/AymdmVViNA,@330903 Oh no! Sorry to see this. This is not the behavior we expect from our carriers. Is your item damaged? Who was the carrier? ^ES,0.23877535564446817
149,クレジットがどうとかよりAmazonプライムがクレジット以外で払えるようになればええわ,"いきなり来たんだけど
なんですかこれ！！？

@120465 https://t.co/4dhaXWNqB4",@823866 当サイトからそのようなメールをお送りすることはございません。当サイトの名をかたるフィッシング行為が増えているようです。連絡先に電話をしたりしないようお気を付けください。https://t.co/k4jy2iBODo  SM,0.0
150,Amazonプライム無料会員登録したから30日間で仮面ライダー見まくるぞ～～～！！,"いきなり来たんだけど
なんですかこれ！！？

@120465 https://t.co/4dhaXWNqB4",@823866 当サイトからそのようなメールをお送りすることはございません。当サイトの名をかたるフィッシング行為が増えているようです。連絡先に電話をしたりしないようお気を付けください。https://t.co/k4jy2iBODo  SM,0.0
151,i'll keep you updated,@AmazonHelp Will keep you updated,"@350896 Thanks, please get in touch anytime! ^TS",0.6739415809939979
152,@AmazonHelp Honestly your going with that 😂😂😂😂,"@AmazonHelp How ,when your going to contact",@324801 You can check the correspondence sent by our team here: https://t.co/ubzNHWZvL2 ^SG,0.30326161695938525
153,Just ordered an @115821 Prime/ @115833 exclusive purchase. The future of retail is amazing.,@115821 is amazing.,"@183701 What can we say, we have the best customers! 🤷 ^JO",0.34867610538473204
154,@AmazonHelp I can't even imagine how brainless Bimbo you guys are if they are shipped as per delivery date how the hell was the order whose delivery date is farther than the previous Order got dispatched earlier but the previous Order is not dispatched yet,@115851 @115821 Previous order https://t.co/Wz64ig1aHh,@702376 Please reach out to an Account Specialist. They can be reached by phone: 888-282-2406 or e-mail: https://t.co/Y7Z9daKovm ^AF,0.2303878736687891
155,@117086 ja faz mais de um mes que eu comprei na pre venda gente queria muito saber pq que demora meses pra gente ter o lançamento nas mãos,"Ei @117086 :) Faz exatamente um mês que comprei meu livro em pré-venda, 1a vez. Estou subindo pelas paredes por notícias 8) Como faz?","@409802 Oi, você recebeu um e-mail com a data prevista de entrega do pedido? ^LG",0.2826080850054251
156,"@AmazonHelp Just on going monthly charge that has ZERO description just says ""Amazon Prime, Shipping &amp; Tax"" &amp; NO ONE can tell me what it is 4. I am on a yearly payment 4 Prime. Only answer given was that it was 4 Prime Shipping. I thought that was included in my yearly subscription.",@AmazonHelp Just says Amazon Shipping,"@192395 If it's Amazon Logistics, they can deliver up to 21:00  ^TD",0.2335631789778081
157,@AmazonHelp Every time I'm told that my query has been escalated and will be resolved. 9 hrs ago I was told that I will get a back call in 30 mins,@115850 My query has been escalated and people are *still* clueless. https://t.co/816oI5PeLg,"@170178 Apologies for the confusion, write to us here: https://t.co/GIJyeYqKE0 &amp; we'll get back to you with required information. ^MJ",0.35004385455999787
158,"@AmazonHelp よく利用させていただいてます‼︎
最近はアプリを使うと
すぐにも検索、注文ができて
有り難いです☺️",@AmazonHelp Thaaaaaaaaaanks,@471968 You're most welcome! We're always happy to help! ^HS,1.0
159,"@AmazonHelp No sé cómo podéis trabajar con una empresa así, pues no cumplen los plazos de entrega y se ríen del cliente. Vais a perder muchos clientes de mi zona por su culpa.","De que sirve ser usuario PRIME, y no cumplen los plazos de entrega, ya me va pasando 3 meses este problema😬😈👎 @116928  2/2","@242943 Hola, lamentamos los inconvenientes. ¿Podrías comentarnos si actualmente tienes un pedido pendiente de ser entregado? ^FZ",0.2601075782317195
160,Hey @AmazonHelp @116316 ich tippe mal das das ein FAKE ist? https://t.co/IJieSetQ5v,@410567 @AmazonHelp @116316,"@410567 @410568 Hi, der Verkäufer hat den Artikel so online gestellt - gerne gebe ich das Feedback an ihn weiter. Habt ihr einen Link zum Produkt? Gruß ^MI",0.3488412778173015
161,@AmazonHelp Maginaaaa tamo junto! Sapiens do Yuval Noah Harari,@AmazonHelp A dominação masculina do Bourdieu. 😊,"@231842 Opa! Interessante demais, Rossana 😉 O livro da Chimamanda é maravilhoso, também 💖. ^LG",0.21044939527714432
162,"Umm excuse me @115821, how am i supposed to place my daily order?! 🤷🏼‍♀️🤷🏼‍♀️🤷🏼‍♀️😩😩😩 https://t.co/rSY51Nq24p",@AmazonHelp Please place my order.. https://t.co/dgv4BlkTi4,"@381541 As informed earlier, request you to help us with the link of the product page so that we'll look into it and help you. ^SU",0.3410102313527439
163,@115821 for such a large profitable company the customer service is lacking,@115821 's customer service is lacking in the service area. Shouldnt have to wait months for a solution. @AmazonHelp,@338819 I'm sorry to hear we've let you down! Could you tell us more about what's going on? Please don't include personal information! ^ML,0.2976870135722569
164,@AmazonHelp A new laptop is number one on my list and then I might treat myself to an echo!,@AmazonHelp Where is a number I can call??,@441153 Please provide your phone number here: https://t.co/GNYSlUKIz1 and select the 'Call me now' option to connect with us. ^SJ,0.20402930629523602
165,"Hey @AmazonHelp yesterday and today when I’ve tried to log in or reset my password the website says I don’t have an account and I definitely do. And when I try to go to customer support I have to log in to get there, which if I could do I wouldn’t have to go to customer support.","@AmazonHelp When I try to log in, the same reinstate message","@665654 Sorry about that. On the link provided, you should see an option in blue to skip sign. Click there and send us your details. ^VS",0.29396456413742517
166,"@AmazonHelp I keep cancelling it but you keep taking the money the next month again, again and again... Can this be stopped?",@AmazonHelp I’ve already raised my issue to customer care last night. I need to place an order but you keep cancelling it.,@313526 Were you advised what the issue was when you contacted Customer Service? ^KM,0.261812514703862
167,@123813 Puedo comprar dispositivo p verlas en la tv?,"@115821 Hola, como puedo comprar?","@434261 Hola Diego, para hacer tu primera compra por favor sigue las instrucciones brindadas en este enlace: https://t.co/Q9KNhUgELO ^AZ",0.33211131670680527
168,"@115850 ஆபர்னு விலை கமிபண்ணுவாங்க, நீ என்ன அதிகம் பண்ணிருக்க?",@115850 Thanxx ☺,"@144475 You are welcome, Sharon!",1.0
169,"@AmazonHelp 5 mal mindestens, ohne Stellungnahme des Fahrer oder der verantwortlichen Dispo tut soch wohl nichts. Sind arogante Fahrer, man merkt direkt dass die im Auftrag von @124285 fahren aber nicht dort direkt sind. Direkte Fahrer kommen am Tage, dass läuft suppi.","@AmazonHelp Merkt ihr nicht, dass die Kunden mit der Vermarktung von ""Mr. Robot season 3"" total unziefrieden sind?!
(Untertitel)",@332411 Wir haben das bereits weitergegeben. Danke für den Hinweis. ^BL,0.2442441125652638
170,"@AmazonHelp I am being charged twice for the same book rental,what do i need to do to fix this?",@AmazonHelp What do I need to do?? https://t.co/WZ0uJum8lg,"@641876 Please choose to contact us via phone or e-mail. Once we're connected, we can review your available options. ^RA",0.34979134118023913
171,"@119356 @115821 @AmazonHelp. They charged me extra amount see photos, now I want refund and compensation for the same from Amazon. Respond https://t.co/U4dDAOLBJP",@AmazonHelp Done waiting for your refund and compensation amount,@313942 Sorry for the delay. Our team is looking into it and we will get your issue resolved at the earliest. ^GU,0.2609035963953513
172,@115821 That the subscription is cancelled successfully,@AmazonHelp I have! My subscription is cancelled @115830 are still charging me.. why?,@452018 Apologies. Please reach out - https://t.co/fxgZ6hTrFA so we can look into your concern further. Keep us posted. ^TP,0.35924061108236754
173,"@AmazonHelp YES i reported this last time, given no options, given a refund. Clearly these couriers still in use.  WAs home ALL day - FedEX, UPS, and USPS all delivered. Only YOUR courier ""attempted"" delivery and couldnt deliver towels, straws, and gravy strainer- no items that needed sig",@AmazonHelp yes i reported,@217529 Apologies for the delay in delivering your order. Please share your details here: https://t.co/GIJyeYqKE0 I'll assist you. ^SV,0.2361500246223695
174,"勝手にAmazonプライムスチューデントの年会費支払われてて困る
今金ないんだよ","いきなり来たんだけど
なんですかこれ！！？

@120465 https://t.co/4dhaXWNqB4",@823866 当サイトからそのようなメールをお送りすることはございません。当サイトの名をかたるフィッシング行為が増えているようです。連絡先に電話をしたりしないようお気を付けください。https://t.co/k4jy2iBODo  SM,0.0
175,"@115851 @AmazonHelp @115850 @115851 IS THERE ANY MORAL VALUE LEFT WITH YOU???
WHY THERE IS NO ACTION ON MY COMPLAINT TILL NOW EVEN AFTER SENDING MANY EMAILS TO YOU, amazon india customer support and top management.

A BIG SHAME!!!","@115851 @AmazonHelp @115850 #JeffBezos if you have any moral value left with you, take some quick action against cheating done with me by amazon india. I have already sent many emails to you with my complaint...but not seeing any action till now. ARE YOU WITH CORRIPT AND CHEATERS???","@147113 Could you elaborate on the issue, so that we can assist you accordingly? ^PJ",0.3529338640781234
176,@117086 Mind Hunter  de David Fincher,@117086 Dracula de Bran Stoker adoroooooo,@737422 Olá Raimundo! É um livro incrível!❤️ ^HC,0.380592021020552
177,@AmazonHelp Still doing it https://t.co/j96P6nI3yU,"@AmazonHelp Yes I did, and it’s still doing it",@231101 Well that isn't good! Can you contact us for real time troubleshooting? You can reach us via this link: https://t.co/hApLpMlfHN ^KI,0.586541979028903
178,"@AmazonHelp Hi, after leaving me on D phone on hold 4 over 20 minutes, she dropped the my call &amp; never bothered to return to let me know but insisted my delivery will come by 9pm last night even though I repeated “nobody delivers round here at that time”!! Really upset about her attitude",@AmazonHelp They told me over the phone it would be here by 9pm last night now it’s updated to today or tomorrow,"@649133 Sorry to hear this, this is not the kind of experience we would expect to hear. Did you check the tracking and check which carrier is handling this? :https://t.co/Y5jpI9gRhE   ^BZ",0.16812739659791534
179,@AmazonHelp I try every step under call Customer service. But every time call ended your side.,"@115850 every time I call customer service left me with a great experience. Recently talked with Himanshu, he was really great at customer service. I really appreciate your customer service.",@773639 Thank you! Kind words like yours make us work harder and provide the amazing service you expect from us. :) ^HS,0.23842907911247194
180,"@AmazonHelp I called the number you gave me Monday, they put my claim through and said I would have an email in 24 hours, it is now well past that and I’ve had no contact since. To clarify, my house is still damaged, I still have half a letter box and amazon haven’t done anything https://t.co/aT2byOV1gY",@AmazonHelp I called the number and said the code now nothing has happened in about 4 hours and my account is locked https://t.co/7whw37udH1,@670312 We want to take a closer look into this. Can you reach out to us here?  https://t.co/7JUmpzfcI5 ^MJ,0.15398094665508447
181,Is it just me or has @115850 been shitty for everyone off late? https://t.co/u2aVvJBEHM,Is it just me or has @115821 's delivery service just hit rock bottom? Anyone else experiencing this? #Amazon #PrimeWhatPrime,"@301216 I'm sorry for your experience! Without telling us account info, could you tell us what's going on? ^MH",0.27967647907819976
182,@AmazonHelp ありがとうございました！友人にきいたら詳しく教えてくれ、無事にお支払い番号お知らせメールがきました！,"@AmazonHelp ありがとうございました。
どうやらまだメールが発送されていなかっただけのようで、変更後のメールアドレスに無事に届きました。",@179941 ご心配をおかけいたしました。万が一ご不明な点がございましたら、ご遠慮なくお声がけくださいませ (*- -)(*_ _)　リプライいただきありがとうございました！HM,0.9999999999999998
183,"@169994 So, this was delicious! Is this something that will be available in the future or somewhere else? Must. have.",When will @105961 be available in the US @115821?,"@340710 Thanks for interest! However, we don't have access to that information of if or when that movie will be available. Please check back for any updates. ^BV",0.2492570507014643
184,"So, I have multiple @115821 Echos and @115888 Premium for Family. Being able to play music from multiple Spotify accounts to multiple Echos at once seems like a pretty basic requirement. Why can't I do this? Tempted to ditch the Echos for @122986 Homes @AmazonHelp","@115833 whenever I request to play music from Spotify, the device does nothing but has no issue playing music from Amazon",@503613 We're here to help! Is your Spotify account linked with your Amazon account? Please let us know! ^FD,0.1979450680075553
185,"@147807 
I'm a Amazon India prime seller. I need help",@116928 need help,"@216557 Hello Kibwe, how can we help you? ^DA",0.3986257881973211
186,@AmazonHelp Had to buy the audio bit again. Weird. Also very confused by the audible v kindle options. Kindle audio SO much cheaper!,"@AmazonHelp I know there is Kindle Audio Upgrade. But is it possible the other way round, too, if I already have the Audio book?","@406702 Without providing sensitive information over twitter, could you please give us more details? ^AY",0.25015740879731985
187,.@AmazonHelp where’s Thursday night football tonight?? I know it’s #BillsVJets but still. It’s the principle.,@AmazonHelp What happened to Thursday Night Football?,@344056 TNF isn't streaming today. We'll be back on next Thursday! Our full schedule can be found here: https://t.co/eVQs69tMlA ^MB,0.4432050110556564
188,@12393 An update a few months ago has meant I can't buy anything on the Kindle itself. Everytime I try it tells me it is updating &amp; then refuses to recognise the WiFi. &amp; Yes I'm turning it on and off.,@AmazonHelp It was depleted yesterday hence charging over night. Tried turning it on and off this morning but thats when it became unresponsive till now,"@306763 Apologies, is the screen frozen on what's pictured below? Have you done a 40second reboot? ^JJ",0.18880509198420548
189,@AmazonHelp They said all Prime membership types except for invitees and members who get their benefits via an Amazon Household are eligible. Nonsense.,"@AmazonHelp I've just had a direct debit of £79.99 come out for Amazon UK Prime, I'd gone into my account and it says ""You are not an Amazon Prime member."" I really want to get it refunded as ""Paid members who haven't used their benefits are eligible for a full refund.""",@422982 We would love to assist you. Please contact us by phone or chat here:  https://t.co/JzP7hlA23B ^DA,0.23696292828165721
190,"@AmazonHelp Please explain why as a Prime member, 2 day shipping on items is shipped UPS ground? Further explain why even when I paid extra for overnight it was shipped UPS ground? This happens all the time.",@AmazonHelp This happens all the time https://t.co/MQdJtcCkkf,@462912 My team would love to take a closer look at this with you! Please provide us your details here: https://t.co/E1MCOrRu3v ^RM,0.28060100555244716
191,@AmazonHelp Done what happens now?,"@AmazonHelp Done, what next?",@158468 Thank you for letting us know. We'll check and get back to you soon with an update. ^VR,0.5333880318554403
192,@AmazonHelp How will you help me now ?,@AmazonHelp @115821 spoiled my trip..how will you help me,"@311198 I'm sorry about that, we certainly didn't expect this to happen. Please fill your details in the link provided to you earlier ^SC",0.5190466591853619
193,All I want is a full refund in my account for something that I am returning (Unopened package) @AmazonHelp I've done it before &amp; the rep is just going on about giving me hard time on a Full refund. I shouldn't have to sit here for this long.,I can't believe one of your Customer Rep is giving me a hard time on a refund. I've never had this happened before. A Amazon Prime customer shouldn't be treated this way. @AmazonHelp,"@763723 I'm sorry you are having difficulty with a refund.  To provide the best solution, please explain why are you requesting the refund?  ^BT",0.2265477323753861
194,"アマゾンファイアスティック、ふつうにヤバい発明じゃないですかね…
エウレカ見てたら一日終わるんですけど","いきなり来たんだけど
なんですかこれ！！？

@120465 https://t.co/4dhaXWNqB4",@823866 当サイトからそのようなメールをお送りすることはございません。当サイトの名をかたるフィッシング行為が増えているようです。連絡先に電話をしたりしないようお気を付けください。https://t.co/k4jy2iBODo  SM,0.0
195,"@AmazonHelp Yes, been around this loop several times now with junk/spam, only email received had a number of suspicious errors (all documented to you), and advised not to follow the instructions.

Only 'feedback' has been 'we will be in touch' for &gt;2 weeks.

So when should I give up?",@AmazonHelp yes several times.,"@322590 We'd like to get this checked, kindly share your details here: https://t.co/GIJyeYqKE0, and we'll reach out to you soon. ^MA",0.16635098721460753
196,@119625 @90949 Any new movies sir?,@119625 Any New telugu movies releasign,"@192014 Watch out for ""Arjun Reddy"" releasing on 13th October 2017! 😉 ^EM",0.5141111920112105
197,@115850 where is this No cost option? https://t.co/6BCpHOQAoA,@115850 where is this ..... https://t.co/SIudl3fzbz,@172139 Please reach out to our support team here: https://t.co/9mwpIdOzZn and we'll help you with the details of the tracking. ^ZH,0.5589436877327898
198,When I call @115850 they say the offer on prime is for two more days but on app it shows different ! https://t.co/6Xht0RsPDz,@AmazonHelp @115821 Two more days and still nothing. Delivery over a week late now. This has been going on for two months.,@122219 We are still working on this! Please be sure to check your e-mail for further updates. ^ZW,0.18218011753619484
199,"@AmazonHelp こちらこそ、不適切な表現で申し訳ございませんでした。
正しい手順と表現で改めて意見させていただきます。",@AmazonHelp こちらこそ、迅速な対応を頂きありがとうございました。,@491714 とんでもないことでございます。今後とも、Amazonをよろしくお願いいたします🙇 YM,1.0
200,きめた！！Kindle fire買う！もう、論文の束とか、本の束とか、あれで読んでやる！！,もう！Amazon意味わかんねえ！,@379246 アマゾンです。当サイトのご利用についてお困りでしょうか。ET,0.8838637789321507
